[
  {
    "tanggal": "Sabtu, 01/03/2025",
    "imsak": "04:50",
    "subuh": "05:00",
    "terbit": "06:12",
    "dhuha": "06:39",
    "dzuhur": "12:22",
    "ashar": "15:33",
    "maghrib": "18:25",
    "isya": "19:34"
  },
  {
    "tanggal": "Minggu, 02/03/2025",
    "imsak": "04:50",
    "subuh": "05:00",
    "terbit": "06:11",
    "dhuha": "06:39",
    "dzuhur": "12:22",
    "ashar": "15:32",
    "maghrib": "18:25",
    "isya": "19:34"
  },
  {
    "tanggal": "Senin, 03/03/2025",
    "imsak": "04:50",
    "subuh": "05:00",
    "terbit": "06:11",
    "dhuha": "06:38",
    "dzuhur": "12:22",
    "ashar": "15:31",
    "maghrib": "18:25",
    "isya": "19:33"
  },
  {
    "tanggal": "Selasa, 04/03/2025",
    "imsak": "04:49",
    "subuh": "04:59",
    "terbit": "06:11",
    "dhuha": "06:38",
    "dzuhur": "12:21",
    "ashar": "15:30",
    "maghrib": "18:25",
    "isya": "19:33"
  },
  {
    "tanggal": "Rabu, 05/03/2025",
    "imsak": "04:49",
    "subuh": "04:59",
    "terbit": "06:11",
    "dhuha": "06:38",
    "dzuhur": "12:21",
    "ashar": "15:29",
    "maghrib": "18:24",
    "isya": "19:33"
  },
  {
    "tanggal": "Kamis, 06/03/2025",
    "imsak": "04:49",
    "subuh": "04:59",
    "terbit": "06:11",
    "dhuha": "06:38",
    "dzuhur": "12:21",
    "ashar": "15:29",
    "maghrib": "18:24",
    "isya": "19:32"
  },
  {
    "tanggal": "Jumat, 07/03/2025",
    "imsak": "04:49",
    "subuh": "04:59",
    "terbit": "06:10",
    "dhuha": "06:37",
    "dzuhur": "12:21",
    "ashar": "15:28",
    "maghrib": "18:24",
    "isya": "19:32"
  },
  {
    "tanggal": "Sabtu, 08/03/2025",
    "imsak": "04:49",
    "subuh": "04:59",
    "terbit": "06:10",
    "dhuha": "06:37",
    "dzuhur": "12:20",
    "ashar": "15:27",
    "maghrib": "18:24",
    "isya": "19:32"
  },
  {
    "tanggal": "Minggu, 09/03/2025",
    "imsak": "04:49",
    "subuh": "04:59",
    "terbit": "06:10",
    "dhuha": "06:37",
    "dzuhur": "12:20",
    "ashar": "15:26",
    "maghrib": "18:23",
    "isya": "19:32"
  },
  {
    "tanggal": "Senin, 10/03/2025",
    "imsak": "04:48",
    "subuh": "04:58",
    "terbit": "06:10",
    "dhuha": "06:37",
    "dzuhur": "12:20",
    "ashar": "15:25",
    "maghrib": "18:23",
    "isya": "19:31"
  },
  {
    "tanggal": "Selasa, 11/03/2025",
    "imsak": "04:48",
    "subuh": "04:58",
    "terbit": "06:09",
    "dhuha": "06:37",
    "dzuhur": "12:20",
    "ashar": "15:24",
    "maghrib": "18:23",
    "isya": "19:31"
  },
  {
    "tanggal": "Rabu, 12/03/2025",
    "imsak": "04:48",
    "subuh": "04:58",
    "terbit": "06:09",
    "dhuha": "06:36",
    "dzuhur": "12:19",
    "ashar": "15:23",
    "maghrib": "18:22",
    "isya": "19:31"
  },
  {
    "tanggal": "Kamis, 13/03/2025",
    "imsak": "04:48",
    "subuh": "04:58",
    "terbit": "06:09",
    "dhuha": "06:36",
    "dzuhur": "12:19",
    "ashar": "15:22",
    "maghrib": "18:22",
    "isya": "19:30"
  },
  {
    "tanggal": "Jumat, 14/03/2025",
    "imsak": "04:48",
    "subuh": "04:58",
    "terbit": "06:09",
    "dhuha": "06:36",
    "dzuhur": "12:19",
    "ashar": "15:21",
    "maghrib": "18:22",
    "isya": "19:30"
  },
  {
    "tanggal": "Sabtu, 15/03/2025",
    "imsak": "04:47",
    "subuh": "04:57",
    "terbit": "06:08",
    "dhuha": "06:35",
    "dzuhur": "12:19",
    "ashar": "15:20",
    "maghrib": "18:22",
    "isya": "19:30"
  },
  {
    "tanggal": "Minggu, 16/03/2025",
    "imsak": "04:47",
    "subuh": "04:57",
    "terbit": "06:08",
    "dhuha": "06:35",
    "dzuhur": "12:18",
    "ashar": "15:19",
    "maghrib": "18:21",
    "isya": "19:29"
  },
  {
    "tanggal": "Senin, 17/03/2025",
    "imsak": "04:47",
    "subuh": "04:57",
    "terbit": "06:08",
    "dhuha": "06:35",
    "dzuhur": "12:18",
    "ashar": "15:18",
    "maghrib": "18:21",
    "isya": "19:29"
  },
  {
    "tanggal": "Selasa, 18/03/2025",
    "imsak": "04:47",
    "subuh": "04:57",
    "terbit": "06:08",
    "dhuha": "06:35",
    "dzuhur": "12:18",
    "ashar": "15:17",
    "maghrib": "18:21",
    "isya": "19:29"
  },
  {
    "tanggal": "Rabu, 19/03/2025",
    "imsak": "04:46",
    "subuh": "04:56",
    "terbit": "06:07",
    "dhuha": "06:34",
    "dzuhur": "12:17",
    "ashar": "15:17",
    "maghrib": "18:20",
    "isya": "19:28"
  },
  {
    "tanggal": "Kamis, 20/03/2025",
    "imsak": "04:46",
    "subuh": "04:56",
    "terbit": "06:07",
    "dhuha": "06:34",
    "dzuhur": "12:17",
    "ashar": "15:17",
    "maghrib": "18:20",
    "isya": "19:28"
  },
  {
    "tanggal": "Jumat, 21/03/2025",
    "imsak": "04:46",
    "subuh": "04:56",
    "terbit": "06:07",
    "dhuha": "06:34",
    "dzuhur": "12:17",
    "ashar": "15:18",
    "maghrib": "18:20",
    "isya": "19:28"
  },
  {
    "tanggal": "Sabtu, 22/03/2025",
    "imsak": "04:46",
    "subuh": "04:56",
    "terbit": "06:07",
    "dhuha": "06:34",
    "dzuhur": "12:17",
    "ashar": "15:19",
    "maghrib": "18:20",
    "isya": "19:28"
  },
  {
    "tanggal": "Minggu, 23/03/2025",
    "imsak": "04:45",
    "subuh": "04:55",
    "terbit": "06:06",
    "dhuha": "06:33",
    "dzuhur": "12:16",
    "ashar": "15:19",
    "maghrib": "18:19",
    "isya": "19:27"
  },
  {
    "tanggal": "Senin, 24/03/2025",
    "imsak": "04:45",
    "subuh": "04:55",
    "terbit": "06:06",
    "dhuha": "06:33",
    "dzuhur": "12:16",
    "ashar": "15:19",
    "maghrib": "18:19",
    "isya": "19:27"
  },
  {
    "tanggal": "Selasa, 25/03/2025",
    "imsak": "04:45",
    "subuh": "04:55",
    "terbit": "06:06",
    "dhuha": "06:33",
    "dzuhur": "12:16",
    "ashar": "15:19",
    "maghrib": "18:18",
    "isya": "19:26"
  },
  {
    "tanggal": "Rabu, 26/03/2025",
    "imsak": "04:44",
    "subuh": "04:54",
    "terbit": "06:05",
    "dhuha": "06:32",
    "dzuhur": "12:15",
    "ashar": "15:20",
    "maghrib": "18:18",
    "isya": "19:26"
  },
  {
    "tanggal": "Kamis, 27/03/2025",
    "imsak": "04:44",
    "subuh": "04:54",
    "terbit": "06:05",
    "dhuha": "06:32",
    "dzuhur": "12:15",
    "ashar": "15:20",
    "maghrib": "18:18",
    "isya": "19:26"
  },
  {
    "tanggal": "Jumat, 28/03/2025",
    "imsak": "04:44",
    "subuh": "04:54",
    "terbit": "06:05",
    "dhuha": "06:32",
    "dzuhur": "12:15",
    "ashar": "15:20",
    "maghrib": "18:17",
    "isya": "19:26"
  },
  {
    "tanggal": "Sabtu, 29/03/2025",
    "imsak": "04:44",
    "subuh": "04:54",
    "terbit": "06:05",
    "dhuha": "06:32",
    "dzuhur": "12:14",
    "ashar": "15:21",
    "maghrib": "18:17",
    "isya": "19:25"
  },
  {
    "tanggal": "Minggu, 30/03/2025",
    "imsak": "04:43",
    "subuh": "04:53",
    "terbit": "06:04",
    "dhuha": "06:31",
    "dzuhur": "12:14",
    "ashar": "15:21",
    "maghrib": "18:17",
    "isya": "19:25"
  },
  {
    "tanggal": "Senin, 31/03/2025",
    "imsak": "04:43",
    "subuh": "04:53",
    "terbit": "06:04",
    "dhuha": "06:31",
    "dzuhur": "12:14",
    "ashar": "15:21",
    "maghrib": "18:16",
    "isya": "19:25"
  }
]