[
  {
    "tanggal": "Sabtu, 01/03/2025",
    "imsak": "04:49",
    "subuh": "04:59",
    "terbit": "06:12",
    "dhuha": "06:39",
    "dzuhur": "12:26",
    "ashar": "15:29",
    "maghrib": "18:34",
    "isya": "19:43"
  },
  {
    "tanggal": "Minggu, 02/03/2025",
    "imsak": "04:49",
    "subuh": "04:59",
    "terbit": "06:12",
    "dhuha": "06:39",
    "dzuhur": "12:26",
    "ashar": "15:29",
    "maghrib": "18:33",
    "isya": "19:43"
  },
  {
    "tanggal": "Senin, 03/03/2025",
    "imsak": "04:49",
    "subuh": "04:59",
    "terbit": "06:12",
    "dhuha": "06:39",
    "dzuhur": "12:26",
    "ashar": "15:30",
    "maghrib": "18:33",
    "isya": "19:42"
  },
  {
    "tanggal": "Selasa, 04/03/2025",
    "imsak": "04:49",
    "subuh": "04:59",
    "terbit": "06:12",
    "dhuha": "06:39",
    "dzuhur": "12:25",
    "ashar": "15:30",
    "maghrib": "18:32",
    "isya": "19:42"
  },
  {
    "tanggal": "Rabu, 05/03/2025",
    "imsak": "04:49",
    "subuh": "04:59",
    "terbit": "06:12",
    "dhuha": "06:39",
    "dzuhur": "12:25",
    "ashar": "15:30",
    "maghrib": "18:32",
    "isya": "19:41"
  },
  {
    "tanggal": "Kamis, 06/03/2025",
    "imsak": "04:49",
    "subuh": "04:59",
    "terbit": "06:12",
    "dhuha": "06:39",
    "dzuhur": "12:25",
    "ashar": "15:31",
    "maghrib": "18:31",
    "isya": "19:41"
  },
  {
    "tanggal": "Jumat, 07/03/2025",
    "imsak": "04:49",
    "subuh": "04:59",
    "terbit": "06:12",
    "dhuha": "06:39",
    "dzuhur": "12:25",
    "ashar": "15:31",
    "maghrib": "18:31",
    "isya": "19:40"
  },
  {
    "tanggal": "Sabtu, 08/03/2025",
    "imsak": "04:49",
    "subuh": "04:59",
    "terbit": "06:12",
    "dhuha": "06:39",
    "dzuhur": "12:25",
    "ashar": "15:31",
    "maghrib": "18:30",
    "isya": "19:40"
  },
  {
    "tanggal": "Minggu, 09/03/2025",
    "imsak": "04:49",
    "subuh": "04:59",
    "terbit": "06:12",
    "dhuha": "06:39",
    "dzuhur": "12:24",
    "ashar": "15:32",
    "maghrib": "18:30",
    "isya": "19:39"
  },
  {
    "tanggal": "Senin, 10/03/2025",
    "imsak": "04:49",
    "subuh": "04:59",
    "terbit": "06:12",
    "dhuha": "06:39",
    "dzuhur": "12:24",
    "ashar": "15:32",
    "maghrib": "18:29",
    "isya": "19:38"
  },
  {
    "tanggal": "Selasa, 11/03/2025",
    "imsak": "04:49",
    "subuh": "04:59",
    "terbit": "06:12",
    "dhuha": "06:39",
    "dzuhur": "12:24",
    "ashar": "15:32",
    "maghrib": "18:29",
    "isya": "19:38"
  },
  {
    "tanggal": "Rabu, 12/03/2025",
    "imsak": "04:49",
    "subuh": "04:59",
    "terbit": "06:12",
    "dhuha": "06:39",
    "dzuhur": "12:24",
    "ashar": "15:32",
    "maghrib": "18:28",
    "isya": "19:37"
  },
  {
    "tanggal": "Kamis, 13/03/2025",
    "imsak": "04:49",
    "subuh": "04:59",
    "terbit": "06:12",
    "dhuha": "06:39",
    "dzuhur": "12:23",
    "ashar": "15:33",
    "maghrib": "18:28",
    "isya": "19:37"
  },
  {
    "tanggal": "Jumat, 14/03/2025",
    "imsak": "04:49",
    "subuh": "04:59",
    "terbit": "06:11",
    "dhuha": "06:39",
    "dzuhur": "12:23",
    "ashar": "15:33",
    "maghrib": "18:27",
    "isya": "19:36"
  },
  {
    "tanggal": "Sabtu, 15/03/2025",
    "imsak": "04:49",
    "subuh": "04:59",
    "terbit": "06:11",
    "dhuha": "06:39",
    "dzuhur": "12:23",
    "ashar": "15:33",
    "maghrib": "18:27",
    "isya": "19:36"
  },
  {
    "tanggal": "Minggu, 16/03/2025",
    "imsak": "04:49",
    "subuh": "04:59",
    "terbit": "06:11",
    "dhuha": "06:39",
    "dzuhur": "12:22",
    "ashar": "15:33",
    "maghrib": "18:26",
    "isya": "19:35"
  },
  {
    "tanggal": "Senin, 17/03/2025",
    "imsak": "04:49",
    "subuh": "04:59",
    "terbit": "06:11",
    "dhuha": "06:39",
    "dzuhur": "12:22",
    "ashar": "15:33",
    "maghrib": "18:26",
    "isya": "19:35"
  },
  {
    "tanggal": "Selasa, 18/03/2025",
    "imsak": "04:49",
    "subuh": "04:59",
    "terbit": "06:11",
    "dhuha": "06:39",
    "dzuhur": "12:22",
    "ashar": "15:33",
    "maghrib": "18:25",
    "isya": "19:34"
  },
  {
    "tanggal": "Rabu, 19/03/2025",
    "imsak": "04:49",
    "subuh": "04:59",
    "terbit": "06:11",
    "dhuha": "06:38",
    "dzuhur": "12:22",
    "ashar": "15:34",
    "maghrib": "18:25",
    "isya": "19:34"
  },
  {
    "tanggal": "Kamis, 20/03/2025",
    "imsak": "04:49",
    "subuh": "04:59",
    "terbit": "06:11",
    "dhuha": "06:38",
    "dzuhur": "12:21",
    "ashar": "15:34",
    "maghrib": "18:24",
    "isya": "19:33"
  },
  {
    "tanggal": "Jumat, 21/03/2025",
    "imsak": "04:49",
    "subuh": "04:59",
    "terbit": "06:11",
    "dhuha": "06:38",
    "dzuhur": "12:21",
    "ashar": "15:34",
    "maghrib": "18:24",
    "isya": "19:33"
  },
  {
    "tanggal": "Sabtu, 22/03/2025",
    "imsak": "04:49",
    "subuh": "04:59",
    "terbit": "06:11",
    "dhuha": "06:38",
    "dzuhur": "12:21",
    "ashar": "15:34",
    "maghrib": "18:24",
    "isya": "19:32"
  },
  {
    "tanggal": "Minggu, 23/03/2025",
    "imsak": "04:49",
    "subuh": "04:59",
    "terbit": "06:11",
    "dhuha": "06:38",
    "dzuhur": "12:20",
    "ashar": "15:34",
    "maghrib": "18:23",
    "isya": "19:31"
  },
  {
    "tanggal": "Senin, 24/03/2025",
    "imsak": "04:49",
    "subuh": "04:59",
    "terbit": "06:11",
    "dhuha": "06:38",
    "dzuhur": "12:20",
    "ashar": "15:34",
    "maghrib": "18:22",
    "isya": "19:31"
  },
  {
    "tanggal": "Selasa, 25/03/2025",
    "imsak": "04:49",
    "subuh": "04:59",
    "terbit": "06:11",
    "dhuha": "06:38",
    "dzuhur": "12:20",
    "ashar": "15:34",
    "maghrib": "18:22",
    "isya": "19:30"
  },
  {
    "tanggal": "Rabu, 26/03/2025",
    "imsak": "04:49",
    "subuh": "04:59",
    "terbit": "06:11",
    "dhuha": "06:38",
    "dzuhur": "12:19",
    "ashar": "15:34",
    "maghrib": "18:21",
    "isya": "19:30"
  },
  {
    "tanggal": "Kamis, 27/03/2025",
    "imsak": "04:49",
    "subuh": "04:59",
    "terbit": "06:11",
    "dhuha": "06:38",
    "dzuhur": "12:19",
    "ashar": "15:34",
    "maghrib": "18:20",
    "isya": "19:29"
  },
  {
    "tanggal": "Jumat, 28/03/2025",
    "imsak": "04:49",
    "subuh": "04:59",
    "terbit": "06:11",
    "dhuha": "06:38",
    "dzuhur": "12:19",
    "ashar": "15:34",
    "maghrib": "18:20",
    "isya": "19:29"
  },
  {
    "tanggal": "Sabtu, 29/03/2025",
    "imsak": "04:49",
    "subuh": "04:59",
    "terbit": "06:11",
    "dhuha": "06:38",
    "dzuhur": "12:19",
    "ashar": "15:34",
    "maghrib": "18:19",
    "isya": "19:28"
  },
  {
    "tanggal": "Minggu, 30/03/2025",
    "imsak": "04:49",
    "subuh": "04:59",
    "terbit": "06:11",
    "dhuha": "06:38",
    "dzuhur": "12:18",
    "ashar": "15:34",
    "maghrib": "18:19",
    "isya": "19:28"
  },
  {
    "tanggal": "Senin, 31/03/2025",
    "imsak": "04:49",
    "subuh": "04:59",
    "terbit": "06:10",
    "dhuha": "06:38",
    "dzuhur": "12:18",
    "ashar": "15:34",
    "maghrib": "18:18",
    "isya": "19:27"
  }
]