[
  {
    "tanggal": "Sabtu, 01/03/2025",
    "imsak": "05:03",
    "subuh": "05:13",
    "terbit": "06:25",
    "dhuha": "06:52",
    "dzuhur": "12:35",
    "ashar": "15:47",
    "maghrib": "18:37",
    "isya": "19:46"
  },
  {
    "tanggal": "Minggu, 02/03/2025",
    "imsak": "05:03",
    "subuh": "05:13",
    "terbit": "06:25",
    "dhuha": "06:52",
    "dzuhur": "12:34",
    "ashar": "15:46",
    "maghrib": "18:37",
    "isya": "19:45"
  },
  {
    "tanggal": "Senin, 03/03/2025",
    "imsak": "05:03",
    "subuh": "05:13",
    "terbit": "06:25",
    "dhuha": "06:52",
    "dzuhur": "12:34",
    "ashar": "15:46",
    "maghrib": "18:37",
    "isya": "19:45"
  },
  {
    "tanggal": "Selasa, 04/03/2025",
    "imsak": "05:03",
    "subuh": "05:13",
    "terbit": "06:24",
    "dhuha": "06:52",
    "dzuhur": "12:34",
    "ashar": "15:45",
    "maghrib": "18:37",
    "isya": "19:45"
  },
  {
    "tanggal": "Rabu, 05/03/2025",
    "imsak": "05:03",
    "subuh": "05:13",
    "terbit": "06:24",
    "dhuha": "06:51",
    "dzuhur": "12:34",
    "ashar": "15:44",
    "maghrib": "18:36",
    "isya": "19:45"
  },
  {
    "tanggal": "Kamis, 06/03/2025",
    "imsak": "05:03",
    "subuh": "05:13",
    "terbit": "06:24",
    "dhuha": "06:51",
    "dzuhur": "12:33",
    "ashar": "15:43",
    "maghrib": "18:36",
    "isya": "19:44"
  },
  {
    "tanggal": "Jumat, 07/03/2025",
    "imsak": "05:02",
    "subuh": "05:12",
    "terbit": "06:24",
    "dhuha": "06:51",
    "dzuhur": "12:33",
    "ashar": "15:43",
    "maghrib": "18:36",
    "isya": "19:44"
  },
  {
    "tanggal": "Sabtu, 08/03/2025",
    "imsak": "05:02",
    "subuh": "05:12",
    "terbit": "06:23",
    "dhuha": "06:50",
    "dzuhur": "12:33",
    "ashar": "15:42",
    "maghrib": "18:36",
    "isya": "19:44"
  },
  {
    "tanggal": "Minggu, 09/03/2025",
    "imsak": "05:02",
    "subuh": "05:12",
    "terbit": "06:23",
    "dhuha": "06:50",
    "dzuhur": "12:33",
    "ashar": "15:41",
    "maghrib": "18:35",
    "isya": "19:44"
  },
  {
    "tanggal": "Senin, 10/03/2025",
    "imsak": "05:02",
    "subuh": "05:12",
    "terbit": "06:23",
    "dhuha": "06:50",
    "dzuhur": "12:33",
    "ashar": "15:40",
    "maghrib": "18:35",
    "isya": "19:43"
  },
  {
    "tanggal": "Selasa, 11/03/2025",
    "imsak": "05:01",
    "subuh": "05:11",
    "terbit": "06:23",
    "dhuha": "06:50",
    "dzuhur": "12:32",
    "ashar": "15:39",
    "maghrib": "18:35",
    "isya": "19:43"
  },
  {
    "tanggal": "Rabu, 12/03/2025",
    "imsak": "05:01",
    "subuh": "05:11",
    "terbit": "06:22",
    "dhuha": "06:49",
    "dzuhur": "12:32",
    "ashar": "15:38",
    "maghrib": "18:35",
    "isya": "19:43"
  },
  {
    "tanggal": "Kamis, 13/03/2025",
    "imsak": "05:01",
    "subuh": "05:11",
    "terbit": "06:22",
    "dhuha": "06:49",
    "dzuhur": "12:32",
    "ashar": "15:38",
    "maghrib": "18:34",
    "isya": "19:43"
  },
  {
    "tanggal": "Jumat, 14/03/2025",
    "imsak": "05:01",
    "subuh": "05:11",
    "terbit": "06:22",
    "dhuha": "06:49",
    "dzuhur": "12:31",
    "ashar": "15:37",
    "maghrib": "18:34",
    "isya": "19:42"
  },
  {
    "tanggal": "Sabtu, 15/03/2025",
    "imsak": "05:00",
    "subuh": "05:10",
    "terbit": "06:21",
    "dhuha": "06:48",
    "dzuhur": "12:31",
    "ashar": "15:36",
    "maghrib": "18:34",
    "isya": "19:42"
  },
  {
    "tanggal": "Minggu, 16/03/2025",
    "imsak": "05:00",
    "subuh": "05:10",
    "terbit": "06:21",
    "dhuha": "06:48",
    "dzuhur": "12:31",
    "ashar": "15:35",
    "maghrib": "18:34",
    "isya": "19:42"
  },
  {
    "tanggal": "Senin, 17/03/2025",
    "imsak": "05:00",
    "subuh": "05:10",
    "terbit": "06:21",
    "dhuha": "06:48",
    "dzuhur": "12:31",
    "ashar": "15:34",
    "maghrib": "18:33",
    "isya": "19:41"
  },
  {
    "tanggal": "Selasa, 18/03/2025",
    "imsak": "04:59",
    "subuh": "05:09",
    "terbit": "06:20",
    "dhuha": "06:47",
    "dzuhur": "12:30",
    "ashar": "15:33",
    "maghrib": "18:33",
    "isya": "19:41"
  },
  {
    "tanggal": "Rabu, 19/03/2025",
    "imsak": "04:59",
    "subuh": "05:09",
    "terbit": "06:20",
    "dhuha": "06:47",
    "dzuhur": "12:30",
    "ashar": "15:32",
    "maghrib": "18:33",
    "isya": "19:41"
  },
  {
    "tanggal": "Kamis, 20/03/2025",
    "imsak": "04:59",
    "subuh": "05:09",
    "terbit": "06:20",
    "dhuha": "06:47",
    "dzuhur": "12:30",
    "ashar": "15:31",
    "maghrib": "18:33",
    "isya": "19:41"
  },
  {
    "tanggal": "Jumat, 21/03/2025",
    "imsak": "04:59",
    "subuh": "05:09",
    "terbit": "06:20",
    "dhuha": "06:46",
    "dzuhur": "12:30",
    "ashar": "15:30",
    "maghrib": "18:33",
    "isya": "19:41"
  },
  {
    "tanggal": "Sabtu, 22/03/2025",
    "imsak": "04:58",
    "subuh": "05:08",
    "terbit": "06:19",
    "dhuha": "06:46",
    "dzuhur": "12:29",
    "ashar": "15:29",
    "maghrib": "18:32",
    "isya": "19:40"
  },
  {
    "tanggal": "Minggu, 23/03/2025",
    "imsak": "04:58",
    "subuh": "05:08",
    "terbit": "06:19",
    "dhuha": "06:46",
    "dzuhur": "12:29",
    "ashar": "15:28",
    "maghrib": "18:32",
    "isya": "19:40"
  },
  {
    "tanggal": "Senin, 24/03/2025",
    "imsak": "04:57",
    "subuh": "05:07",
    "terbit": "06:18",
    "dhuha": "06:45",
    "dzuhur": "12:29",
    "ashar": "15:29",
    "maghrib": "18:32",
    "isya": "19:40"
  },
  {
    "tanggal": "Selasa, 25/03/2025",
    "imsak": "04:57",
    "subuh": "05:07",
    "terbit": "06:18",
    "dhuha": "06:45",
    "dzuhur": "12:28",
    "ashar": "15:29",
    "maghrib": "18:31",
    "isya": "19:39"
  },
  {
    "tanggal": "Rabu, 26/03/2025",
    "imsak": "04:57",
    "subuh": "05:07",
    "terbit": "06:18",
    "dhuha": "06:45",
    "dzuhur": "12:28",
    "ashar": "15:29",
    "maghrib": "18:31",
    "isya": "19:39"
  },
  {
    "tanggal": "Kamis, 27/03/2025",
    "imsak": "04:56",
    "subuh": "05:06",
    "terbit": "06:18",
    "dhuha": "06:45",
    "dzuhur": "12:28",
    "ashar": "15:30",
    "maghrib": "18:31",
    "isya": "19:39"
  },
  {
    "tanggal": "Jumat, 28/03/2025",
    "imsak": "04:56",
    "subuh": "05:06",
    "terbit": "06:17",
    "dhuha": "06:44",
    "dzuhur": "12:27",
    "ashar": "15:30",
    "maghrib": "18:30",
    "isya": "19:39"
  },
  {
    "tanggal": "Sabtu, 29/03/2025",
    "imsak": "04:56",
    "subuh": "05:06",
    "terbit": "06:17",
    "dhuha": "06:44",
    "dzuhur": "12:27",
    "ashar": "15:31",
    "maghrib": "18:30",
    "isya": "19:38"
  },
  {
    "tanggal": "Minggu, 30/03/2025",
    "imsak": "04:55",
    "subuh": "05:05",
    "terbit": "06:17",
    "dhuha": "06:44",
    "dzuhur": "12:27",
    "ashar": "15:31",
    "maghrib": "18:30",
    "isya": "19:38"
  },
  {
    "tanggal": "Senin, 31/03/2025",
    "imsak": "04:55",
    "subuh": "05:05",
    "terbit": "06:16",
    "dhuha": "06:43",
    "dzuhur": "12:26",
    "ashar": "15:31",
    "maghrib": "18:30",
    "isya": "19:38"
  }
]