[
  {
    "tanggal": "Sabtu, 01/03/2025",
    "imsak": "04:55",
    "subuh": "05:05",
    "terbit": "06:17",
    "dhuha": "06:44",
    "dzuhur": "12:27",
    "ashar": "15:38",
    "maghrib": "18:31",
    "isya": "19:39"
  },
  {
    "tanggal": "Minggu, 02/03/2025",
    "imsak": "04:55",
    "subuh": "05:05",
    "terbit": "06:17",
    "dhuha": "06:44",
    "dzuhur": "12:27",
    "ashar": "15:38",
    "maghrib": "18:31",
    "isya": "19:39"
  },
  {
    "tanggal": "Senin, 03/03/2025",
    "imsak": "04:55",
    "subuh": "05:05",
    "terbit": "06:17",
    "dhuha": "06:44",
    "dzuhur": "12:27",
    "ashar": "15:37",
    "maghrib": "18:30",
    "isya": "19:39"
  },
  {
    "tanggal": "Selasa, 04/03/2025",
    "imsak": "04:55",
    "subuh": "05:05",
    "terbit": "06:17",
    "dhuha": "06:44",
    "dzuhur": "12:27",
    "ashar": "15:36",
    "maghrib": "18:30",
    "isya": "19:38"
  },
  {
    "tanggal": "Rabu, 05/03/2025",
    "imsak": "04:55",
    "subuh": "05:05",
    "terbit": "06:16",
    "dhuha": "06:44",
    "dzuhur": "12:27",
    "ashar": "15:35",
    "maghrib": "18:30",
    "isya": "19:38"
  },
  {
    "tanggal": "Kamis, 06/03/2025",
    "imsak": "04:55",
    "subuh": "05:05",
    "terbit": "06:16",
    "dhuha": "06:43",
    "dzuhur": "12:26",
    "ashar": "15:35",
    "maghrib": "18:30",
    "isya": "19:38"
  },
  {
    "tanggal": "Jumat, 07/03/2025",
    "imsak": "04:55",
    "subuh": "05:05",
    "terbit": "06:16",
    "dhuha": "06:43",
    "dzuhur": "12:26",
    "ashar": "15:34",
    "maghrib": "18:29",
    "isya": "19:38"
  },
  {
    "tanggal": "Sabtu, 08/03/2025",
    "imsak": "04:55",
    "subuh": "05:05",
    "terbit": "06:16",
    "dhuha": "06:43",
    "dzuhur": "12:26",
    "ashar": "15:33",
    "maghrib": "18:29",
    "isya": "19:37"
  },
  {
    "tanggal": "Minggu, 09/03/2025",
    "imsak": "04:54",
    "subuh": "05:04",
    "terbit": "06:16",
    "dhuha": "06:43",
    "dzuhur": "12:26",
    "ashar": "15:32",
    "maghrib": "18:29",
    "isya": "19:37"
  },
  {
    "tanggal": "Senin, 10/03/2025",
    "imsak": "04:54",
    "subuh": "05:04",
    "terbit": "06:15",
    "dhuha": "06:42",
    "dzuhur": "12:25",
    "ashar": "15:31",
    "maghrib": "18:29",
    "isya": "19:37"
  },
  {
    "tanggal": "Selasa, 11/03/2025",
    "imsak": "04:54",
    "subuh": "05:04",
    "terbit": "06:15",
    "dhuha": "06:42",
    "dzuhur": "12:25",
    "ashar": "15:30",
    "maghrib": "18:28",
    "isya": "19:36"
  },
  {
    "tanggal": "Rabu, 12/03/2025",
    "imsak": "04:54",
    "subuh": "05:04",
    "terbit": "06:15",
    "dhuha": "06:42",
    "dzuhur": "12:25",
    "ashar": "15:29",
    "maghrib": "18:28",
    "isya": "19:36"
  },
  {
    "tanggal": "Kamis, 13/03/2025",
    "imsak": "04:53",
    "subuh": "05:03",
    "terbit": "06:15",
    "dhuha": "06:42",
    "dzuhur": "12:25",
    "ashar": "15:28",
    "maghrib": "18:28",
    "isya": "19:36"
  },
  {
    "tanggal": "Jumat, 14/03/2025",
    "imsak": "04:53",
    "subuh": "05:03",
    "terbit": "06:14",
    "dhuha": "06:41",
    "dzuhur": "12:24",
    "ashar": "15:27",
    "maghrib": "18:27",
    "isya": "19:35"
  },
  {
    "tanggal": "Sabtu, 15/03/2025",
    "imsak": "04:53",
    "subuh": "05:03",
    "terbit": "06:14",
    "dhuha": "06:41",
    "dzuhur": "12:24",
    "ashar": "15:26",
    "maghrib": "18:27",
    "isya": "19:35"
  },
  {
    "tanggal": "Minggu, 16/03/2025",
    "imsak": "04:53",
    "subuh": "05:03",
    "terbit": "06:14",
    "dhuha": "06:41",
    "dzuhur": "12:24",
    "ashar": "15:25",
    "maghrib": "18:27",
    "isya": "19:35"
  },
  {
    "tanggal": "Senin, 17/03/2025",
    "imsak": "04:53",
    "subuh": "05:03",
    "terbit": "06:14",
    "dhuha": "06:41",
    "dzuhur": "12:24",
    "ashar": "15:24",
    "maghrib": "18:26",
    "isya": "19:34"
  },
  {
    "tanggal": "Selasa, 18/03/2025",
    "imsak": "04:52",
    "subuh": "05:02",
    "terbit": "06:13",
    "dhuha": "06:40",
    "dzuhur": "12:23",
    "ashar": "15:23",
    "maghrib": "18:26",
    "isya": "19:34"
  },
  {
    "tanggal": "Rabu, 19/03/2025",
    "imsak": "04:52",
    "subuh": "05:02",
    "terbit": "06:13",
    "dhuha": "06:40",
    "dzuhur": "12:23",
    "ashar": "15:22",
    "maghrib": "18:26",
    "isya": "19:34"
  },
  {
    "tanggal": "Kamis, 20/03/2025",
    "imsak": "04:52",
    "subuh": "05:02",
    "terbit": "06:13",
    "dhuha": "06:40",
    "dzuhur": "12:23",
    "ashar": "15:22",
    "maghrib": "18:26",
    "isya": "19:34"
  },
  {
    "tanggal": "Jumat, 21/03/2025",
    "imsak": "04:52",
    "subuh": "05:02",
    "terbit": "06:13",
    "dhuha": "06:39",
    "dzuhur": "12:23",
    "ashar": "15:23",
    "maghrib": "18:26",
    "isya": "19:34"
  },
  {
    "tanggal": "Sabtu, 22/03/2025",
    "imsak": "04:51",
    "subuh": "05:01",
    "terbit": "06:12",
    "dhuha": "06:39",
    "dzuhur": "12:22",
    "ashar": "15:24",
    "maghrib": "18:25",
    "isya": "19:33"
  },
  {
    "tanggal": "Minggu, 23/03/2025",
    "imsak": "04:51",
    "subuh": "05:01",
    "terbit": "06:12",
    "dhuha": "06:39",
    "dzuhur": "12:22",
    "ashar": "15:24",
    "maghrib": "18:25",
    "isya": "19:33"
  },
  {
    "tanggal": "Senin, 24/03/2025",
    "imsak": "04:51",
    "subuh": "05:01",
    "terbit": "06:12",
    "dhuha": "06:39",
    "dzuhur": "12:21",
    "ashar": "15:24",
    "maghrib": "18:24",
    "isya": "19:32"
  },
  {
    "tanggal": "Selasa, 25/03/2025",
    "imsak": "04:50",
    "subuh": "05:00",
    "terbit": "06:11",
    "dhuha": "06:38",
    "dzuhur": "12:21",
    "ashar": "15:24",
    "maghrib": "18:24",
    "isya": "19:32"
  },
  {
    "tanggal": "Rabu, 26/03/2025",
    "imsak": "04:50",
    "subuh": "05:00",
    "terbit": "06:11",
    "dhuha": "06:38",
    "dzuhur": "12:21",
    "ashar": "15:25",
    "maghrib": "18:24",
    "isya": "19:32"
  },
  {
    "tanggal": "Kamis, 27/03/2025",
    "imsak": "04:50",
    "subuh": "05:00",
    "terbit": "06:11",
    "dhuha": "06:38",
    "dzuhur": "12:21",
    "ashar": "15:25",
    "maghrib": "18:23",
    "isya": "19:31"
  },
  {
    "tanggal": "Jumat, 28/03/2025",
    "imsak": "04:49",
    "subuh": "04:59",
    "terbit": "06:10",
    "dhuha": "06:37",
    "dzuhur": "12:20",
    "ashar": "15:26",
    "maghrib": "18:23",
    "isya": "19:31"
  },
  {
    "tanggal": "Sabtu, 29/03/2025",
    "imsak": "04:49",
    "subuh": "04:59",
    "terbit": "06:10",
    "dhuha": "06:37",
    "dzuhur": "12:20",
    "ashar": "15:26",
    "maghrib": "18:23",
    "isya": "19:31"
  },
  {
    "tanggal": "Minggu, 30/03/2025",
    "imsak": "04:49",
    "subuh": "04:59",
    "terbit": "06:10",
    "dhuha": "06:37",
    "dzuhur": "12:20",
    "ashar": "15:26",
    "maghrib": "18:22",
    "isya": "19:31"
  },
  {
    "tanggal": "Senin, 31/03/2025",
    "imsak": "04:48",
    "subuh": "04:58",
    "terbit": "06:10",
    "dhuha": "06:37",
    "dzuhur": "12:19",
    "ashar": "15:26",
    "maghrib": "18:22",
    "isya": "19:30"
  }
]