[
  {
    "tanggal": "Sabtu, 01/03/2025",
    "imsak": "04:38",
    "subuh": "04:48",
    "terbit": "06:01",
    "dhuha": "06:28",
    "dzuhur": "12:14",
    "ashar": "15:17",
    "maghrib": "18:20",
    "isya": "19:29"
  },
  {
    "tanggal": "Minggu, 02/03/2025",
    "imsak": "04:38",
    "subuh": "04:48",
    "terbit": "06:01",
    "dhuha": "06:28",
    "dzuhur": "12:14",
    "ashar": "15:16",
    "maghrib": "18:20",
    "isya": "19:29"
  },
  {
    "tanggal": "Senin, 03/03/2025",
    "imsak": "04:38",
    "subuh": "04:48",
    "terbit": "06:01",
    "dhuha": "06:28",
    "dzuhur": "12:14",
    "ashar": "15:15",
    "maghrib": "18:19",
    "isya": "19:28"
  },
  {
    "tanggal": "Selasa, 04/03/2025",
    "imsak": "04:38",
    "subuh": "04:48",
    "terbit": "06:01",
    "dhuha": "06:28",
    "dzuhur": "12:13",
    "ashar": "15:14",
    "maghrib": "18:19",
    "isya": "19:28"
  },
  {
    "tanggal": "Rabu, 05/03/2025",
    "imsak": "04:38",
    "subuh": "04:48",
    "terbit": "06:01",
    "dhuha": "06:28",
    "dzuhur": "12:13",
    "ashar": "15:13",
    "maghrib": "18:19",
    "isya": "19:28"
  },
  {
    "tanggal": "Kamis, 06/03/2025",
    "imsak": "04:38",
    "subuh": "04:48",
    "terbit": "06:00",
    "dhuha": "06:28",
    "dzuhur": "12:13",
    "ashar": "15:14",
    "maghrib": "18:18",
    "isya": "19:27"
  },
  {
    "tanggal": "Jumat, 07/03/2025",
    "imsak": "04:38",
    "subuh": "04:48",
    "terbit": "06:00",
    "dhuha": "06:28",
    "dzuhur": "12:13",
    "ashar": "15:14",
    "maghrib": "18:18",
    "isya": "19:27"
  },
  {
    "tanggal": "Sabtu, 08/03/2025",
    "imsak": "04:38",
    "subuh": "04:48",
    "terbit": "06:00",
    "dhuha": "06:28",
    "dzuhur": "12:12",
    "ashar": "15:15",
    "maghrib": "18:17",
    "isya": "19:26"
  },
  {
    "tanggal": "Minggu, 09/03/2025",
    "imsak": "04:38",
    "subuh": "04:48",
    "terbit": "06:00",
    "dhuha": "06:27",
    "dzuhur": "12:12",
    "ashar": "15:15",
    "maghrib": "18:17",
    "isya": "19:26"
  },
  {
    "tanggal": "Senin, 10/03/2025",
    "imsak": "04:38",
    "subuh": "04:48",
    "terbit": "06:00",
    "dhuha": "06:27",
    "dzuhur": "12:12",
    "ashar": "15:15",
    "maghrib": "18:17",
    "isya": "19:25"
  },
  {
    "tanggal": "Selasa, 11/03/2025",
    "imsak": "04:38",
    "subuh": "04:48",
    "terbit": "06:00",
    "dhuha": "06:27",
    "dzuhur": "12:12",
    "ashar": "15:16",
    "maghrib": "18:16",
    "isya": "19:25"
  },
  {
    "tanggal": "Rabu, 12/03/2025",
    "imsak": "04:38",
    "subuh": "04:48",
    "terbit": "06:00",
    "dhuha": "06:27",
    "dzuhur": "12:11",
    "ashar": "15:16",
    "maghrib": "18:16",
    "isya": "19:24"
  },
  {
    "tanggal": "Kamis, 13/03/2025",
    "imsak": "04:38",
    "subuh": "04:48",
    "terbit": "06:00",
    "dhuha": "06:27",
    "dzuhur": "12:11",
    "ashar": "15:16",
    "maghrib": "18:15",
    "isya": "19:24"
  },
  {
    "tanggal": "Jumat, 14/03/2025",
    "imsak": "04:38",
    "subuh": "04:48",
    "terbit": "06:00",
    "dhuha": "06:27",
    "dzuhur": "12:11",
    "ashar": "15:17",
    "maghrib": "18:15",
    "isya": "19:23"
  },
  {
    "tanggal": "Sabtu, 15/03/2025",
    "imsak": "04:38",
    "subuh": "04:48",
    "terbit": "06:00",
    "dhuha": "06:27",
    "dzuhur": "12:11",
    "ashar": "15:17",
    "maghrib": "18:14",
    "isya": "19:23"
  },
  {
    "tanggal": "Minggu, 16/03/2025",
    "imsak": "04:38",
    "subuh": "04:48",
    "terbit": "06:00",
    "dhuha": "06:27",
    "dzuhur": "12:10",
    "ashar": "15:17",
    "maghrib": "18:14",
    "isya": "19:22"
  },
  {
    "tanggal": "Senin, 17/03/2025",
    "imsak": "04:38",
    "subuh": "04:48",
    "terbit": "05:59",
    "dhuha": "06:27",
    "dzuhur": "12:10",
    "ashar": "15:18",
    "maghrib": "18:13",
    "isya": "19:22"
  },
  {
    "tanggal": "Selasa, 18/03/2025",
    "imsak": "04:38",
    "subuh": "04:48",
    "terbit": "05:59",
    "dhuha": "06:26",
    "dzuhur": "12:10",
    "ashar": "15:18",
    "maghrib": "18:13",
    "isya": "19:21"
  },
  {
    "tanggal": "Rabu, 19/03/2025",
    "imsak": "04:38",
    "subuh": "04:48",
    "terbit": "05:59",
    "dhuha": "06:26",
    "dzuhur": "12:09",
    "ashar": "15:18",
    "maghrib": "18:13",
    "isya": "19:21"
  },
  {
    "tanggal": "Kamis, 20/03/2025",
    "imsak": "04:38",
    "subuh": "04:48",
    "terbit": "05:59",
    "dhuha": "06:26",
    "dzuhur": "12:09",
    "ashar": "15:18",
    "maghrib": "18:12",
    "isya": "19:20"
  },
  {
    "tanggal": "Jumat, 21/03/2025",
    "imsak": "04:38",
    "subuh": "04:48",
    "terbit": "05:59",
    "dhuha": "06:26",
    "dzuhur": "12:09",
    "ashar": "15:19",
    "maghrib": "18:12",
    "isya": "19:20"
  },
  {
    "tanggal": "Sabtu, 22/03/2025",
    "imsak": "04:38",
    "subuh": "04:48",
    "terbit": "05:59",
    "dhuha": "06:26",
    "dzuhur": "12:09",
    "ashar": "15:19",
    "maghrib": "18:12",
    "isya": "19:20"
  },
  {
    "tanggal": "Minggu, 23/03/2025",
    "imsak": "04:37",
    "subuh": "04:47",
    "terbit": "05:59",
    "dhuha": "06:26",
    "dzuhur": "12:08",
    "ashar": "15:19",
    "maghrib": "18:11",
    "isya": "19:19"
  },
  {
    "tanggal": "Senin, 24/03/2025",
    "imsak": "04:37",
    "subuh": "04:47",
    "terbit": "05:59",
    "dhuha": "06:26",
    "dzuhur": "12:08",
    "ashar": "15:19",
    "maghrib": "18:10",
    "isya": "19:19"
  },
  {
    "tanggal": "Selasa, 25/03/2025",
    "imsak": "04:37",
    "subuh": "04:47",
    "terbit": "05:58",
    "dhuha": "06:26",
    "dzuhur": "12:08",
    "ashar": "15:19",
    "maghrib": "18:10",
    "isya": "19:18"
  },
  {
    "tanggal": "Rabu, 26/03/2025",
    "imsak": "04:37",
    "subuh": "04:47",
    "terbit": "05:58",
    "dhuha": "06:25",
    "dzuhur": "12:07",
    "ashar": "15:19",
    "maghrib": "18:09",
    "isya": "19:18"
  },
  {
    "tanggal": "Kamis, 27/03/2025",
    "imsak": "04:37",
    "subuh": "04:47",
    "terbit": "05:58",
    "dhuha": "06:25",
    "dzuhur": "12:07",
    "ashar": "15:19",
    "maghrib": "18:09",
    "isya": "19:17"
  },
  {
    "tanggal": "Jumat, 28/03/2025",
    "imsak": "04:37",
    "subuh": "04:47",
    "terbit": "05:58",
    "dhuha": "06:25",
    "dzuhur": "12:07",
    "ashar": "15:19",
    "maghrib": "18:08",
    "isya": "19:17"
  },
  {
    "tanggal": "Sabtu, 29/03/2025",
    "imsak": "04:36",
    "subuh": "04:46",
    "terbit": "05:58",
    "dhuha": "06:25",
    "dzuhur": "12:06",
    "ashar": "15:20",
    "maghrib": "18:08",
    "isya": "19:16"
  },
  {
    "tanggal": "Minggu, 30/03/2025",
    "imsak": "04:36",
    "subuh": "04:46",
    "terbit": "05:58",
    "dhuha": "06:25",
    "dzuhur": "12:06",
    "ashar": "15:20",
    "maghrib": "18:07",
    "isya": "19:16"
  },
  {
    "tanggal": "Senin, 31/03/2025",
    "imsak": "04:36",
    "subuh": "04:46",
    "terbit": "05:58",
    "dhuha": "06:25",
    "dzuhur": "12:06",
    "ashar": "15:20",
    "maghrib": "18:07",
    "isya": "19:15"
  }
]