[
  {
    "tanggal": "Sabtu, 01/03/2025",
    "imsak": "04:53",
    "subuh": "05:03",
    "terbit": "06:16",
    "dhuha": "06:43",
    "dzuhur": "12:31",
    "ashar": "15:34",
    "maghrib": "18:38",
    "isya": "19:48"
  },
  {
    "tanggal": "Minggu, 02/03/2025",
    "imsak": "04:53",
    "subuh": "05:03",
    "terbit": "06:16",
    "dhuha": "06:43",
    "dzuhur": "12:31",
    "ashar": "15:34",
    "maghrib": "18:38",
    "isya": "19:47"
  },
  {
    "tanggal": "Senin, 03/03/2025",
    "imsak": "04:53",
    "subuh": "05:03",
    "terbit": "06:16",
    "dhuha": "06:44",
    "dzuhur": "12:30",
    "ashar": "15:35",
    "maghrib": "18:37",
    "isya": "19:47"
  },
  {
    "tanggal": "Selasa, 04/03/2025",
    "imsak": "04:53",
    "subuh": "05:03",
    "terbit": "06:16",
    "dhuha": "06:44",
    "dzuhur": "12:30",
    "ashar": "15:35",
    "maghrib": "18:37",
    "isya": "19:46"
  },
  {
    "tanggal": "Rabu, 05/03/2025",
    "imsak": "04:54",
    "subuh": "05:04",
    "terbit": "06:16",
    "dhuha": "06:44",
    "dzuhur": "12:30",
    "ashar": "15:35",
    "maghrib": "18:37",
    "isya": "19:46"
  },
  {
    "tanggal": "Kamis, 06/03/2025",
    "imsak": "04:54",
    "subuh": "05:04",
    "terbit": "06:16",
    "dhuha": "06:44",
    "dzuhur": "12:30",
    "ashar": "15:36",
    "maghrib": "18:36",
    "isya": "19:45"
  },
  {
    "tanggal": "Jumat, 07/03/2025",
    "imsak": "04:54",
    "subuh": "05:04",
    "terbit": "06:16",
    "dhuha": "06:44",
    "dzuhur": "12:29",
    "ashar": "15:36",
    "maghrib": "18:36",
    "isya": "19:45"
  },
  {
    "tanggal": "Sabtu, 08/03/2025",
    "imsak": "04:54",
    "subuh": "05:04",
    "terbit": "06:16",
    "dhuha": "06:44",
    "dzuhur": "12:29",
    "ashar": "15:36",
    "maghrib": "18:35",
    "isya": "19:44"
  },
  {
    "tanggal": "Minggu, 09/03/2025",
    "imsak": "04:54",
    "subuh": "05:04",
    "terbit": "06:16",
    "dhuha": "06:43",
    "dzuhur": "12:29",
    "ashar": "15:37",
    "maghrib": "18:35",
    "isya": "19:44"
  },
  {
    "tanggal": "Senin, 10/03/2025",
    "imsak": "04:54",
    "subuh": "05:04",
    "terbit": "06:16",
    "dhuha": "06:43",
    "dzuhur": "12:29",
    "ashar": "15:37",
    "maghrib": "18:34",
    "isya": "19:43"
  },
  {
    "tanggal": "Selasa, 11/03/2025",
    "imsak": "04:54",
    "subuh": "05:04",
    "terbit": "06:16",
    "dhuha": "06:43",
    "dzuhur": "12:28",
    "ashar": "15:37",
    "maghrib": "18:34",
    "isya": "19:43"
  },
  {
    "tanggal": "Rabu, 12/03/2025",
    "imsak": "04:54",
    "subuh": "05:04",
    "terbit": "06:16",
    "dhuha": "06:43",
    "dzuhur": "12:28",
    "ashar": "15:37",
    "maghrib": "18:33",
    "isya": "19:42"
  },
  {
    "tanggal": "Kamis, 13/03/2025",
    "imsak": "04:54",
    "subuh": "05:04",
    "terbit": "06:16",
    "dhuha": "06:43",
    "dzuhur": "12:28",
    "ashar": "15:38",
    "maghrib": "18:33",
    "isya": "19:42"
  },
  {
    "tanggal": "Jumat, 14/03/2025",
    "imsak": "04:54",
    "subuh": "05:04",
    "terbit": "06:16",
    "dhuha": "06:43",
    "dzuhur": "12:28",
    "ashar": "15:38",
    "maghrib": "18:32",
    "isya": "19:41"
  },
  {
    "tanggal": "Sabtu, 15/03/2025",
    "imsak": "04:54",
    "subuh": "05:04",
    "terbit": "06:16",
    "dhuha": "06:43",
    "dzuhur": "12:27",
    "ashar": "15:38",
    "maghrib": "18:32",
    "isya": "19:40"
  },
  {
    "tanggal": "Minggu, 16/03/2025",
    "imsak": "04:54",
    "subuh": "05:04",
    "terbit": "06:16",
    "dhuha": "06:43",
    "dzuhur": "12:27",
    "ashar": "15:38",
    "maghrib": "18:31",
    "isya": "19:40"
  },
  {
    "tanggal": "Senin, 17/03/2025",
    "imsak": "04:54",
    "subuh": "05:04",
    "terbit": "06:16",
    "dhuha": "06:43",
    "dzuhur": "12:27",
    "ashar": "15:38",
    "maghrib": "18:30",
    "isya": "19:39"
  },
  {
    "tanggal": "Selasa, 18/03/2025",
    "imsak": "04:54",
    "subuh": "05:04",
    "terbit": "06:16",
    "dhuha": "06:43",
    "dzuhur": "12:26",
    "ashar": "15:38",
    "maghrib": "18:30",
    "isya": "19:39"
  },
  {
    "tanggal": "Rabu, 19/03/2025",
    "imsak": "04:54",
    "subuh": "05:04",
    "terbit": "06:16",
    "dhuha": "06:43",
    "dzuhur": "12:26",
    "ashar": "15:38",
    "maghrib": "18:29",
    "isya": "19:38"
  },
  {
    "tanggal": "Kamis, 20/03/2025",
    "imsak": "04:54",
    "subuh": "05:04",
    "terbit": "06:16",
    "dhuha": "06:43",
    "dzuhur": "12:26",
    "ashar": "15:39",
    "maghrib": "18:29",
    "isya": "19:38"
  },
  {
    "tanggal": "Jumat, 21/03/2025",
    "imsak": "04:54",
    "subuh": "05:04",
    "terbit": "06:16",
    "dhuha": "06:43",
    "dzuhur": "12:26",
    "ashar": "15:39",
    "maghrib": "18:29",
    "isya": "19:38"
  },
  {
    "tanggal": "Sabtu, 22/03/2025",
    "imsak": "04:54",
    "subuh": "05:04",
    "terbit": "06:16",
    "dhuha": "06:43",
    "dzuhur": "12:26",
    "ashar": "15:39",
    "maghrib": "18:28",
    "isya": "19:37"
  },
  {
    "tanggal": "Minggu, 23/03/2025",
    "imsak": "04:54",
    "subuh": "05:04",
    "terbit": "06:16",
    "dhuha": "06:43",
    "dzuhur": "12:25",
    "ashar": "15:39",
    "maghrib": "18:27",
    "isya": "19:36"
  },
  {
    "tanggal": "Senin, 24/03/2025",
    "imsak": "04:54",
    "subuh": "05:04",
    "terbit": "06:16",
    "dhuha": "06:43",
    "dzuhur": "12:25",
    "ashar": "15:39",
    "maghrib": "18:27",
    "isya": "19:35"
  },
  {
    "tanggal": "Selasa, 25/03/2025",
    "imsak": "04:54",
    "subuh": "05:04",
    "terbit": "06:16",
    "dhuha": "06:43",
    "dzuhur": "12:24",
    "ashar": "15:39",
    "maghrib": "18:26",
    "isya": "19:35"
  },
  {
    "tanggal": "Rabu, 26/03/2025",
    "imsak": "04:54",
    "subuh": "05:04",
    "terbit": "06:15",
    "dhuha": "06:43",
    "dzuhur": "12:24",
    "ashar": "15:39",
    "maghrib": "18:26",
    "isya": "19:34"
  },
  {
    "tanggal": "Kamis, 27/03/2025",
    "imsak": "04:53",
    "subuh": "05:03",
    "terbit": "06:15",
    "dhuha": "06:43",
    "dzuhur": "12:24",
    "ashar": "15:39",
    "maghrib": "18:25",
    "isya": "19:34"
  },
  {
    "tanggal": "Jumat, 28/03/2025",
    "imsak": "04:53",
    "subuh": "05:03",
    "terbit": "06:15",
    "dhuha": "06:43",
    "dzuhur": "12:23",
    "ashar": "15:39",
    "maghrib": "18:25",
    "isya": "19:33"
  },
  {
    "tanggal": "Sabtu, 29/03/2025",
    "imsak": "04:53",
    "subuh": "05:03",
    "terbit": "06:15",
    "dhuha": "06:43",
    "dzuhur": "12:23",
    "ashar": "15:39",
    "maghrib": "18:24",
    "isya": "19:33"
  },
  {
    "tanggal": "Minggu, 30/03/2025",
    "imsak": "04:53",
    "subuh": "05:03",
    "terbit": "06:15",
    "dhuha": "06:43",
    "dzuhur": "12:23",
    "ashar": "15:39",
    "maghrib": "18:23",
    "isya": "19:32"
  },
  {
    "tanggal": "Senin, 31/03/2025",
    "imsak": "04:53",
    "subuh": "05:03",
    "terbit": "06:15",
    "dhuha": "06:42",
    "dzuhur": "12:23",
    "ashar": "15:39",
    "maghrib": "18:23",
    "isya": "19:32"
  }
]