[
  {
    "tanggal": "Sabtu, 01/03/2025",
    "imsak": "04:02",
    "subuh": "04:12",
    "terbit": "05:24",
    "dhuha": "05:51",
    "dzuhur": "11:35",
    "ashar": "14:44",
    "maghrib": "17:39",
    "isya": "18:48"
  },
  {
    "tanggal": "Minggu, 02/03/2025",
    "imsak": "04:02",
    "subuh": "04:12",
    "terbit": "05:24",
    "dhuha": "05:51",
    "dzuhur": "11:35",
    "ashar": "14:43",
    "maghrib": "17:39",
    "isya": "18:48"
  },
  {
    "tanggal": "Senin, 03/03/2025",
    "imsak": "04:02",
    "subuh": "04:12",
    "terbit": "05:24",
    "dhuha": "05:51",
    "dzuhur": "11:35",
    "ashar": "14:42",
    "maghrib": "17:39",
    "isya": "18:47"
  },
  {
    "tanggal": "Selasa, 04/03/2025",
    "imsak": "04:02",
    "subuh": "04:12",
    "terbit": "05:24",
    "dhuha": "05:51",
    "dzuhur": "11:35",
    "ashar": "14:42",
    "maghrib": "17:38",
    "isya": "18:47"
  },
  {
    "tanggal": "Rabu, 05/03/2025",
    "imsak": "04:02",
    "subuh": "04:12",
    "terbit": "05:23",
    "dhuha": "05:51",
    "dzuhur": "11:34",
    "ashar": "14:41",
    "maghrib": "17:38",
    "isya": "18:47"
  },
  {
    "tanggal": "Kamis, 06/03/2025",
    "imsak": "04:02",
    "subuh": "04:12",
    "terbit": "05:23",
    "dhuha": "05:50",
    "dzuhur": "11:34",
    "ashar": "14:40",
    "maghrib": "17:38",
    "isya": "18:46"
  },
  {
    "tanggal": "Jumat, 07/03/2025",
    "imsak": "04:02",
    "subuh": "04:12",
    "terbit": "05:23",
    "dhuha": "05:50",
    "dzuhur": "11:34",
    "ashar": "14:39",
    "maghrib": "17:38",
    "isya": "18:46"
  },
  {
    "tanggal": "Sabtu, 08/03/2025",
    "imsak": "04:02",
    "subuh": "04:12",
    "terbit": "05:23",
    "dhuha": "05:50",
    "dzuhur": "11:34",
    "ashar": "14:38",
    "maghrib": "17:37",
    "isya": "18:46"
  },
  {
    "tanggal": "Minggu, 09/03/2025",
    "imsak": "04:01",
    "subuh": "04:11",
    "terbit": "05:23",
    "dhuha": "05:50",
    "dzuhur": "11:33",
    "ashar": "14:37",
    "maghrib": "17:37",
    "isya": "18:45"
  },
  {
    "tanggal": "Senin, 10/03/2025",
    "imsak": "04:01",
    "subuh": "04:11",
    "terbit": "05:23",
    "dhuha": "05:50",
    "dzuhur": "11:33",
    "ashar": "14:36",
    "maghrib": "17:37",
    "isya": "18:45"
  },
  {
    "tanggal": "Selasa, 11/03/2025",
    "imsak": "04:01",
    "subuh": "04:11",
    "terbit": "05:22",
    "dhuha": "05:49",
    "dzuhur": "11:33",
    "ashar": "14:35",
    "maghrib": "17:36",
    "isya": "18:44"
  },
  {
    "tanggal": "Rabu, 12/03/2025",
    "imsak": "04:01",
    "subuh": "04:11",
    "terbit": "05:22",
    "dhuha": "05:49",
    "dzuhur": "11:33",
    "ashar": "14:34",
    "maghrib": "17:36",
    "isya": "18:44"
  },
  {
    "tanggal": "Kamis, 13/03/2025",
    "imsak": "04:01",
    "subuh": "04:11",
    "terbit": "05:22",
    "dhuha": "05:49",
    "dzuhur": "11:32",
    "ashar": "14:33",
    "maghrib": "17:36",
    "isya": "18:44"
  },
  {
    "tanggal": "Jumat, 14/03/2025",
    "imsak": "04:01",
    "subuh": "04:11",
    "terbit": "05:22",
    "dhuha": "05:49",
    "dzuhur": "11:32",
    "ashar": "14:32",
    "maghrib": "17:35",
    "isya": "18:43"
  },
  {
    "tanggal": "Sabtu, 15/03/2025",
    "imsak": "04:00",
    "subuh": "04:10",
    "terbit": "05:21",
    "dhuha": "05:48",
    "dzuhur": "11:32",
    "ashar": "14:31",
    "maghrib": "17:35",
    "isya": "18:43"
  },
  {
    "tanggal": "Minggu, 16/03/2025",
    "imsak": "04:00",
    "subuh": "04:10",
    "terbit": "05:21",
    "dhuha": "05:48",
    "dzuhur": "11:31",
    "ashar": "14:31",
    "maghrib": "17:35",
    "isya": "18:43"
  },
  {
    "tanggal": "Senin, 17/03/2025",
    "imsak": "04:00",
    "subuh": "04:10",
    "terbit": "05:21",
    "dhuha": "05:48",
    "dzuhur": "11:31",
    "ashar": "14:32",
    "maghrib": "17:34",
    "isya": "18:42"
  },
  {
    "tanggal": "Selasa, 18/03/2025",
    "imsak": "04:00",
    "subuh": "04:10",
    "terbit": "05:21",
    "dhuha": "05:48",
    "dzuhur": "11:31",
    "ashar": "14:32",
    "maghrib": "17:34",
    "isya": "18:42"
  },
  {
    "tanggal": "Rabu, 19/03/2025",
    "imsak": "03:59",
    "subuh": "04:09",
    "terbit": "05:21",
    "dhuha": "05:48",
    "dzuhur": "11:31",
    "ashar": "14:33",
    "maghrib": "17:34",
    "isya": "18:42"
  },
  {
    "tanggal": "Kamis, 20/03/2025",
    "imsak": "03:59",
    "subuh": "04:09",
    "terbit": "05:20",
    "dhuha": "05:47",
    "dzuhur": "11:30",
    "ashar": "14:33",
    "maghrib": "17:33",
    "isya": "18:41"
  },
  {
    "tanggal": "Jumat, 21/03/2025",
    "imsak": "03:59",
    "subuh": "04:09",
    "terbit": "05:20",
    "dhuha": "05:47",
    "dzuhur": "11:30",
    "ashar": "14:34",
    "maghrib": "17:33",
    "isya": "18:41"
  },
  {
    "tanggal": "Sabtu, 22/03/2025",
    "imsak": "03:59",
    "subuh": "04:09",
    "terbit": "05:20",
    "dhuha": "05:47",
    "dzuhur": "11:30",
    "ashar": "14:34",
    "maghrib": "17:33",
    "isya": "18:41"
  },
  {
    "tanggal": "Minggu, 23/03/2025",
    "imsak": "03:59",
    "subuh": "04:09",
    "terbit": "05:20",
    "dhuha": "05:47",
    "dzuhur": "11:29",
    "ashar": "14:34",
    "maghrib": "17:32",
    "isya": "18:40"
  },
  {
    "tanggal": "Senin, 24/03/2025",
    "imsak": "03:58",
    "subuh": "04:08",
    "terbit": "05:19",
    "dhuha": "05:46",
    "dzuhur": "11:29",
    "ashar": "14:34",
    "maghrib": "17:32",
    "isya": "18:40"
  },
  {
    "tanggal": "Selasa, 25/03/2025",
    "imsak": "03:58",
    "subuh": "04:08",
    "terbit": "05:19",
    "dhuha": "05:46",
    "dzuhur": "11:29",
    "ashar": "14:35",
    "maghrib": "17:31",
    "isya": "18:39"
  },
  {
    "tanggal": "Rabu, 26/03/2025",
    "imsak": "03:58",
    "subuh": "04:08",
    "terbit": "05:19",
    "dhuha": "05:46",
    "dzuhur": "11:28",
    "ashar": "14:35",
    "maghrib": "17:31",
    "isya": "18:39"
  },
  {
    "tanggal": "Kamis, 27/03/2025",
    "imsak": "03:58",
    "subuh": "04:08",
    "terbit": "05:19",
    "dhuha": "05:46",
    "dzuhur": "11:28",
    "ashar": "14:35",
    "maghrib": "17:31",
    "isya": "18:39"
  },
  {
    "tanggal": "Jumat, 28/03/2025",
    "imsak": "03:57",
    "subuh": "04:07",
    "terbit": "05:18",
    "dhuha": "05:45",
    "dzuhur": "11:28",
    "ashar": "14:36",
    "maghrib": "17:30",
    "isya": "18:38"
  },
  {
    "tanggal": "Sabtu, 29/03/2025",
    "imsak": "03:57",
    "subuh": "04:07",
    "terbit": "05:18",
    "dhuha": "05:45",
    "dzuhur": "11:28",
    "ashar": "14:36",
    "maghrib": "17:30",
    "isya": "18:38"
  },
  {
    "tanggal": "Minggu, 30/03/2025",
    "imsak": "03:57",
    "subuh": "04:07",
    "terbit": "05:18",
    "dhuha": "05:45",
    "dzuhur": "11:27",
    "ashar": "14:36",
    "maghrib": "17:30",
    "isya": "18:38"
  },
  {
    "tanggal": "Senin, 31/03/2025",
    "imsak": "03:56",
    "subuh": "04:06",
    "terbit": "05:18",
    "dhuha": "05:45",
    "dzuhur": "11:27",
    "ashar": "14:36",
    "maghrib": "17:29",
    "isya": "18:37"
  }
]