[
  {
    "tanggal": "Sabtu, 01/03/2025",
    "imsak": "05:22",
    "subuh": "05:32",
    "terbit": "06:44",
    "dhuha": "07:11",
    "dzuhur": "12:51",
    "ashar": "16:07",
    "maghrib": "18:52",
    "isya": "20:01"
  },
  {
    "tanggal": "Minggu, 02/03/2025",
    "imsak": "05:22",
    "subuh": "05:32",
    "terbit": "06:43",
    "dhuha": "07:10",
    "dzuhur": "12:51",
    "ashar": "16:06",
    "maghrib": "18:52",
    "isya": "20:01"
  },
  {
    "tanggal": "Senin, 03/03/2025",
    "imsak": "05:21",
    "subuh": "05:31",
    "terbit": "06:43",
    "dhuha": "07:10",
    "dzuhur": "12:51",
    "ashar": "16:06",
    "maghrib": "18:52",
    "isya": "20:00"
  },
  {
    "tanggal": "Selasa, 04/03/2025",
    "imsak": "05:21",
    "subuh": "05:31",
    "terbit": "06:43",
    "dhuha": "07:10",
    "dzuhur": "12:51",
    "ashar": "16:05",
    "maghrib": "18:52",
    "isya": "20:00"
  },
  {
    "tanggal": "Rabu, 05/03/2025",
    "imsak": "05:21",
    "subuh": "05:31",
    "terbit": "06:42",
    "dhuha": "07:09",
    "dzuhur": "12:50",
    "ashar": "16:04",
    "maghrib": "18:52",
    "isya": "20:00"
  },
  {
    "tanggal": "Kamis, 06/03/2025",
    "imsak": "05:20",
    "subuh": "05:30",
    "terbit": "06:42",
    "dhuha": "07:09",
    "dzuhur": "12:50",
    "ashar": "16:04",
    "maghrib": "18:52",
    "isya": "20:00"
  },
  {
    "tanggal": "Jumat, 07/03/2025",
    "imsak": "05:20",
    "subuh": "05:30",
    "terbit": "06:42",
    "dhuha": "07:09",
    "dzuhur": "12:50",
    "ashar": "16:03",
    "maghrib": "18:51",
    "isya": "20:00"
  },
  {
    "tanggal": "Sabtu, 08/03/2025",
    "imsak": "05:20",
    "subuh": "05:30",
    "terbit": "06:41",
    "dhuha": "07:08",
    "dzuhur": "12:50",
    "ashar": "16:03",
    "maghrib": "18:51",
    "isya": "20:00"
  },
  {
    "tanggal": "Minggu, 09/03/2025",
    "imsak": "05:19",
    "subuh": "05:29",
    "terbit": "06:41",
    "dhuha": "07:08",
    "dzuhur": "12:49",
    "ashar": "16:02",
    "maghrib": "18:51",
    "isya": "20:00"
  },
  {
    "tanggal": "Senin, 10/03/2025",
    "imsak": "05:19",
    "subuh": "05:29",
    "terbit": "06:40",
    "dhuha": "07:08",
    "dzuhur": "12:49",
    "ashar": "16:01",
    "maghrib": "18:51",
    "isya": "19:59"
  },
  {
    "tanggal": "Selasa, 11/03/2025",
    "imsak": "05:19",
    "subuh": "05:29",
    "terbit": "06:40",
    "dhuha": "07:07",
    "dzuhur": "12:49",
    "ashar": "16:00",
    "maghrib": "18:51",
    "isya": "19:59"
  },
  {
    "tanggal": "Rabu, 12/03/2025",
    "imsak": "05:18",
    "subuh": "05:28",
    "terbit": "06:40",
    "dhuha": "07:07",
    "dzuhur": "12:49",
    "ashar": "16:00",
    "maghrib": "18:51",
    "isya": "19:59"
  },
  {
    "tanggal": "Kamis, 13/03/2025",
    "imsak": "05:18",
    "subuh": "05:28",
    "terbit": "06:39",
    "dhuha": "07:06",
    "dzuhur": "12:48",
    "ashar": "15:59",
    "maghrib": "18:51",
    "isya": "19:59"
  },
  {
    "tanggal": "Jumat, 14/03/2025",
    "imsak": "05:18",
    "subuh": "05:28",
    "terbit": "06:39",
    "dhuha": "07:06",
    "dzuhur": "12:48",
    "ashar": "15:58",
    "maghrib": "18:50",
    "isya": "19:59"
  },
  {
    "tanggal": "Sabtu, 15/03/2025",
    "imsak": "05:17",
    "subuh": "05:27",
    "terbit": "06:39",
    "dhuha": "07:06",
    "dzuhur": "12:48",
    "ashar": "15:57",
    "maghrib": "18:50",
    "isya": "19:58"
  },
  {
    "tanggal": "Minggu, 16/03/2025",
    "imsak": "05:17",
    "subuh": "05:27",
    "terbit": "06:38",
    "dhuha": "07:05",
    "dzuhur": "12:48",
    "ashar": "15:57",
    "maghrib": "18:50",
    "isya": "19:58"
  },
  {
    "tanggal": "Senin, 17/03/2025",
    "imsak": "05:17",
    "subuh": "05:27",
    "terbit": "06:38",
    "dhuha": "07:05",
    "dzuhur": "12:47",
    "ashar": "15:56",
    "maghrib": "18:50",
    "isya": "19:58"
  },
  {
    "tanggal": "Selasa, 18/03/2025",
    "imsak": "05:16",
    "subuh": "05:26",
    "terbit": "06:37",
    "dhuha": "07:04",
    "dzuhur": "12:47",
    "ashar": "15:55",
    "maghrib": "18:50",
    "isya": "19:58"
  },
  {
    "tanggal": "Rabu, 19/03/2025",
    "imsak": "05:16",
    "subuh": "05:26",
    "terbit": "06:37",
    "dhuha": "07:04",
    "dzuhur": "12:47",
    "ashar": "15:54",
    "maghrib": "18:50",
    "isya": "19:58"
  },
  {
    "tanggal": "Kamis, 20/03/2025",
    "imsak": "05:15",
    "subuh": "05:25",
    "terbit": "06:37",
    "dhuha": "07:04",
    "dzuhur": "12:46",
    "ashar": "15:53",
    "maghrib": "18:49",
    "isya": "19:58"
  },
  {
    "tanggal": "Jumat, 21/03/2025",
    "imsak": "05:15",
    "subuh": "05:25",
    "terbit": "06:37",
    "dhuha": "07:03",
    "dzuhur": "12:46",
    "ashar": "15:52",
    "maghrib": "18:49",
    "isya": "19:58"
  },
  {
    "tanggal": "Sabtu, 22/03/2025",
    "imsak": "05:15",
    "subuh": "05:25",
    "terbit": "06:36",
    "dhuha": "07:03",
    "dzuhur": "12:46",
    "ashar": "15:52",
    "maghrib": "18:49",
    "isya": "19:57"
  },
  {
    "tanggal": "Minggu, 23/03/2025",
    "imsak": "05:14",
    "subuh": "05:24",
    "terbit": "06:35",
    "dhuha": "07:02",
    "dzuhur": "12:46",
    "ashar": "15:50",
    "maghrib": "18:49",
    "isya": "19:57"
  },
  {
    "tanggal": "Senin, 24/03/2025",
    "imsak": "05:14",
    "subuh": "05:24",
    "terbit": "06:35",
    "dhuha": "07:02",
    "dzuhur": "12:45",
    "ashar": "15:50",
    "maghrib": "18:49",
    "isya": "19:57"
  },
  {
    "tanggal": "Selasa, 25/03/2025",
    "imsak": "05:13",
    "subuh": "05:23",
    "terbit": "06:34",
    "dhuha": "07:02",
    "dzuhur": "12:45",
    "ashar": "15:49",
    "maghrib": "18:48",
    "isya": "19:57"
  },
  {
    "tanggal": "Rabu, 26/03/2025",
    "imsak": "05:13",
    "subuh": "05:23",
    "terbit": "06:34",
    "dhuha": "07:01",
    "dzuhur": "12:45",
    "ashar": "15:48",
    "maghrib": "18:48",
    "isya": "19:57"
  },
  {
    "tanggal": "Kamis, 27/03/2025",
    "imsak": "05:12",
    "subuh": "05:22",
    "terbit": "06:34",
    "dhuha": "07:01",
    "dzuhur": "12:44",
    "ashar": "15:47",
    "maghrib": "18:48",
    "isya": "19:56"
  },
  {
    "tanggal": "Jumat, 28/03/2025",
    "imsak": "05:12",
    "subuh": "05:22",
    "terbit": "06:33",
    "dhuha": "07:00",
    "dzuhur": "12:44",
    "ashar": "15:46",
    "maghrib": "18:48",
    "isya": "19:56"
  },
  {
    "tanggal": "Sabtu, 29/03/2025",
    "imsak": "05:11",
    "subuh": "05:21",
    "terbit": "06:33",
    "dhuha": "07:00",
    "dzuhur": "12:44",
    "ashar": "15:45",
    "maghrib": "18:48",
    "isya": "19:56"
  },
  {
    "tanggal": "Minggu, 30/03/2025",
    "imsak": "05:11",
    "subuh": "05:21",
    "terbit": "06:32",
    "dhuha": "06:59",
    "dzuhur": "12:43",
    "ashar": "15:44",
    "maghrib": "18:48",
    "isya": "19:56"
  },
  {
    "tanggal": "Senin, 31/03/2025",
    "imsak": "05:11",
    "subuh": "05:21",
    "terbit": "06:32",
    "dhuha": "06:59",
    "dzuhur": "12:43",
    "ashar": "15:43",
    "maghrib": "18:47",
    "isya": "19:56"
  }
]