[
  {
    "tanggal": "Sabtu, 01/03/2025",
    "imsak": "04:17",
    "subuh": "04:27",
    "terbit": "05:40",
    "dhuha": "06:07",
    "dzuhur": "11:54",
    "ashar": "14:57",
    "maghrib": "18:02",
    "isya": "19:11"
  },
  {
    "tanggal": "Minggu, 02/03/2025",
    "imsak": "04:17",
    "subuh": "04:27",
    "terbit": "05:40",
    "dhuha": "06:07",
    "dzuhur": "11:54",
    "ashar": "14:57",
    "maghrib": "18:01",
    "isya": "19:11"
  },
  {
    "tanggal": "Senin, 03/03/2025",
    "imsak": "04:17",
    "subuh": "04:27",
    "terbit": "05:40",
    "dhuha": "06:07",
    "dzuhur": "11:54",
    "ashar": "14:58",
    "maghrib": "18:01",
    "isya": "19:10"
  },
  {
    "tanggal": "Selasa, 04/03/2025",
    "imsak": "04:17",
    "subuh": "04:27",
    "terbit": "05:40",
    "dhuha": "06:07",
    "dzuhur": "11:54",
    "ashar": "14:58",
    "maghrib": "18:00",
    "isya": "19:10"
  },
  {
    "tanggal": "Rabu, 05/03/2025",
    "imsak": "04:17",
    "subuh": "04:27",
    "terbit": "05:40",
    "dhuha": "06:07",
    "dzuhur": "11:53",
    "ashar": "14:58",
    "maghrib": "18:00",
    "isya": "19:09"
  },
  {
    "tanggal": "Kamis, 06/03/2025",
    "imsak": "04:17",
    "subuh": "04:27",
    "terbit": "05:40",
    "dhuha": "06:07",
    "dzuhur": "11:53",
    "ashar": "14:59",
    "maghrib": "17:59",
    "isya": "19:09"
  },
  {
    "tanggal": "Jumat, 07/03/2025",
    "imsak": "04:17",
    "subuh": "04:27",
    "terbit": "05:40",
    "dhuha": "06:07",
    "dzuhur": "11:53",
    "ashar": "14:59",
    "maghrib": "17:59",
    "isya": "19:08"
  },
  {
    "tanggal": "Sabtu, 08/03/2025",
    "imsak": "04:17",
    "subuh": "04:27",
    "terbit": "05:40",
    "dhuha": "06:07",
    "dzuhur": "11:53",
    "ashar": "14:59",
    "maghrib": "17:59",
    "isya": "19:08"
  },
  {
    "tanggal": "Minggu, 09/03/2025",
    "imsak": "04:17",
    "subuh": "04:27",
    "terbit": "05:40",
    "dhuha": "06:07",
    "dzuhur": "11:52",
    "ashar": "15:00",
    "maghrib": "17:58",
    "isya": "19:07"
  },
  {
    "tanggal": "Senin, 10/03/2025",
    "imsak": "04:17",
    "subuh": "04:27",
    "terbit": "05:40",
    "dhuha": "06:07",
    "dzuhur": "11:52",
    "ashar": "15:00",
    "maghrib": "17:58",
    "isya": "19:07"
  },
  {
    "tanggal": "Selasa, 11/03/2025",
    "imsak": "04:17",
    "subuh": "04:27",
    "terbit": "05:40",
    "dhuha": "06:07",
    "dzuhur": "11:52",
    "ashar": "15:00",
    "maghrib": "17:57",
    "isya": "19:06"
  },
  {
    "tanggal": "Rabu, 12/03/2025",
    "imsak": "04:17",
    "subuh": "04:27",
    "terbit": "05:40",
    "dhuha": "06:07",
    "dzuhur": "11:52",
    "ashar": "15:00",
    "maghrib": "17:57",
    "isya": "19:05"
  },
  {
    "tanggal": "Kamis, 13/03/2025",
    "imsak": "04:18",
    "subuh": "04:28",
    "terbit": "05:40",
    "dhuha": "06:07",
    "dzuhur": "11:51",
    "ashar": "15:01",
    "maghrib": "17:56",
    "isya": "19:05"
  },
  {
    "tanggal": "Jumat, 14/03/2025",
    "imsak": "04:18",
    "subuh": "04:28",
    "terbit": "05:40",
    "dhuha": "06:07",
    "dzuhur": "11:51",
    "ashar": "15:01",
    "maghrib": "17:55",
    "isya": "19:04"
  },
  {
    "tanggal": "Sabtu, 15/03/2025",
    "imsak": "04:18",
    "subuh": "04:28",
    "terbit": "05:40",
    "dhuha": "06:07",
    "dzuhur": "11:51",
    "ashar": "15:01",
    "maghrib": "17:55",
    "isya": "19:04"
  },
  {
    "tanggal": "Minggu, 16/03/2025",
    "imsak": "04:18",
    "subuh": "04:28",
    "terbit": "05:39",
    "dhuha": "06:07",
    "dzuhur": "11:51",
    "ashar": "15:01",
    "maghrib": "17:54",
    "isya": "19:03"
  },
  {
    "tanggal": "Senin, 17/03/2025",
    "imsak": "04:17",
    "subuh": "04:27",
    "terbit": "05:39",
    "dhuha": "06:07",
    "dzuhur": "11:50",
    "ashar": "15:01",
    "maghrib": "17:54",
    "isya": "19:03"
  },
  {
    "tanggal": "Selasa, 18/03/2025",
    "imsak": "04:17",
    "subuh": "04:27",
    "terbit": "05:39",
    "dhuha": "06:07",
    "dzuhur": "11:50",
    "ashar": "15:02",
    "maghrib": "17:53",
    "isya": "19:02"
  },
  {
    "tanggal": "Rabu, 19/03/2025",
    "imsak": "04:17",
    "subuh": "04:27",
    "terbit": "05:39",
    "dhuha": "06:07",
    "dzuhur": "11:50",
    "ashar": "15:02",
    "maghrib": "17:53",
    "isya": "19:02"
  },
  {
    "tanggal": "Kamis, 20/03/2025",
    "imsak": "04:17",
    "subuh": "04:27",
    "terbit": "05:39",
    "dhuha": "06:07",
    "dzuhur": "11:49",
    "ashar": "15:02",
    "maghrib": "17:52",
    "isya": "19:01"
  },
  {
    "tanggal": "Jumat, 21/03/2025",
    "imsak": "04:17",
    "subuh": "04:27",
    "terbit": "05:39",
    "dhuha": "06:06",
    "dzuhur": "11:49",
    "ashar": "15:02",
    "maghrib": "17:52",
    "isya": "19:01"
  },
  {
    "tanggal": "Sabtu, 22/03/2025",
    "imsak": "04:17",
    "subuh": "04:27",
    "terbit": "05:39",
    "dhuha": "06:06",
    "dzuhur": "11:49",
    "ashar": "15:03",
    "maghrib": "17:52",
    "isya": "19:01"
  },
  {
    "tanggal": "Minggu, 23/03/2025",
    "imsak": "04:17",
    "subuh": "04:27",
    "terbit": "05:39",
    "dhuha": "06:06",
    "dzuhur": "11:48",
    "ashar": "15:02",
    "maghrib": "17:51",
    "isya": "18:59"
  },
  {
    "tanggal": "Senin, 24/03/2025",
    "imsak": "04:17",
    "subuh": "04:27",
    "terbit": "05:39",
    "dhuha": "06:06",
    "dzuhur": "11:48",
    "ashar": "15:02",
    "maghrib": "17:50",
    "isya": "18:59"
  },
  {
    "tanggal": "Selasa, 25/03/2025",
    "imsak": "04:17",
    "subuh": "04:27",
    "terbit": "05:39",
    "dhuha": "06:06",
    "dzuhur": "11:48",
    "ashar": "15:02",
    "maghrib": "17:50",
    "isya": "18:58"
  },
  {
    "tanggal": "Rabu, 26/03/2025",
    "imsak": "04:17",
    "subuh": "04:27",
    "terbit": "05:39",
    "dhuha": "06:06",
    "dzuhur": "11:48",
    "ashar": "15:02",
    "maghrib": "17:49",
    "isya": "18:58"
  },
  {
    "tanggal": "Kamis, 27/03/2025",
    "imsak": "04:17",
    "subuh": "04:27",
    "terbit": "05:39",
    "dhuha": "06:06",
    "dzuhur": "11:47",
    "ashar": "15:02",
    "maghrib": "17:49",
    "isya": "18:57"
  },
  {
    "tanggal": "Jumat, 28/03/2025",
    "imsak": "04:17",
    "subuh": "04:27",
    "terbit": "05:39",
    "dhuha": "06:06",
    "dzuhur": "11:47",
    "ashar": "15:02",
    "maghrib": "17:48",
    "isya": "18:57"
  },
  {
    "tanggal": "Sabtu, 29/03/2025",
    "imsak": "04:17",
    "subuh": "04:27",
    "terbit": "05:39",
    "dhuha": "06:06",
    "dzuhur": "11:47",
    "ashar": "15:02",
    "maghrib": "17:48",
    "isya": "18:56"
  },
  {
    "tanggal": "Minggu, 30/03/2025",
    "imsak": "04:17",
    "subuh": "04:27",
    "terbit": "05:39",
    "dhuha": "06:06",
    "dzuhur": "11:46",
    "ashar": "15:02",
    "maghrib": "17:47",
    "isya": "18:56"
  },
  {
    "tanggal": "Senin, 31/03/2025",
    "imsak": "04:17",
    "subuh": "04:27",
    "terbit": "05:39",
    "dhuha": "06:06",
    "dzuhur": "11:46",
    "ashar": "15:02",
    "maghrib": "17:46",
    "isya": "18:55"
  }
]