[
  {
    "tanggal": "Sabtu, 01/03/2025",
    "imsak": "05:14",
    "subuh": "05:24",
    "terbit": "06:36",
    "dhuha": "07:04",
    "dzuhur": "12:48",
    "ashar": "15:55",
    "maghrib": "18:53",
    "isya": "20:02"
  },
  {
    "tanggal": "Minggu, 02/03/2025",
    "imsak": "05:14",
    "subuh": "05:24",
    "terbit": "06:36",
    "dhuha": "07:04",
    "dzuhur": "12:48",
    "ashar": "15:54",
    "maghrib": "18:53",
    "isya": "20:02"
  },
  {
    "tanggal": "Senin, 03/03/2025",
    "imsak": "05:14",
    "subuh": "05:24",
    "terbit": "06:36",
    "dhuha": "07:03",
    "dzuhur": "12:48",
    "ashar": "15:53",
    "maghrib": "18:53",
    "isya": "20:02"
  },
  {
    "tanggal": "Selasa, 04/03/2025",
    "imsak": "05:14",
    "subuh": "05:24",
    "terbit": "06:36",
    "dhuha": "07:03",
    "dzuhur": "12:48",
    "ashar": "15:52",
    "maghrib": "18:52",
    "isya": "20:01"
  },
  {
    "tanggal": "Rabu, 05/03/2025",
    "imsak": "05:14",
    "subuh": "05:24",
    "terbit": "06:36",
    "dhuha": "07:03",
    "dzuhur": "12:48",
    "ashar": "15:52",
    "maghrib": "18:52",
    "isya": "20:01"
  },
  {
    "tanggal": "Kamis, 06/03/2025",
    "imsak": "05:14",
    "subuh": "05:24",
    "terbit": "06:36",
    "dhuha": "07:03",
    "dzuhur": "12:47",
    "ashar": "15:51",
    "maghrib": "18:52",
    "isya": "20:00"
  },
  {
    "tanggal": "Jumat, 07/03/2025",
    "imsak": "05:14",
    "subuh": "05:24",
    "terbit": "06:36",
    "dhuha": "07:03",
    "dzuhur": "12:47",
    "ashar": "15:50",
    "maghrib": "18:51",
    "isya": "20:00"
  },
  {
    "tanggal": "Sabtu, 08/03/2025",
    "imsak": "05:14",
    "subuh": "05:24",
    "terbit": "06:36",
    "dhuha": "07:03",
    "dzuhur": "12:47",
    "ashar": "15:49",
    "maghrib": "18:51",
    "isya": "20:00"
  },
  {
    "tanggal": "Minggu, 09/03/2025",
    "imsak": "05:14",
    "subuh": "05:24",
    "terbit": "06:35",
    "dhuha": "07:03",
    "dzuhur": "12:47",
    "ashar": "15:47",
    "maghrib": "18:51",
    "isya": "19:59"
  },
  {
    "tanggal": "Senin, 10/03/2025",
    "imsak": "05:14",
    "subuh": "05:24",
    "terbit": "06:35",
    "dhuha": "07:02",
    "dzuhur": "12:46",
    "ashar": "15:46",
    "maghrib": "18:50",
    "isya": "19:59"
  },
  {
    "tanggal": "Selasa, 11/03/2025",
    "imsak": "05:14",
    "subuh": "05:24",
    "terbit": "06:35",
    "dhuha": "07:02",
    "dzuhur": "12:46",
    "ashar": "15:46",
    "maghrib": "18:50",
    "isya": "19:58"
  },
  {
    "tanggal": "Rabu, 12/03/2025",
    "imsak": "05:14",
    "subuh": "05:24",
    "terbit": "06:35",
    "dhuha": "07:02",
    "dzuhur": "12:46",
    "ashar": "15:46",
    "maghrib": "18:50",
    "isya": "19:58"
  },
  {
    "tanggal": "Kamis, 13/03/2025",
    "imsak": "05:14",
    "subuh": "05:24",
    "terbit": "06:35",
    "dhuha": "07:02",
    "dzuhur": "12:46",
    "ashar": "15:47",
    "maghrib": "18:49",
    "isya": "19:58"
  },
  {
    "tanggal": "Jumat, 14/03/2025",
    "imsak": "05:13",
    "subuh": "05:23",
    "terbit": "06:35",
    "dhuha": "07:02",
    "dzuhur": "12:45",
    "ashar": "15:47",
    "maghrib": "18:49",
    "isya": "19:57"
  },
  {
    "tanggal": "Sabtu, 15/03/2025",
    "imsak": "05:13",
    "subuh": "05:23",
    "terbit": "06:35",
    "dhuha": "07:02",
    "dzuhur": "12:45",
    "ashar": "15:47",
    "maghrib": "18:49",
    "isya": "19:57"
  },
  {
    "tanggal": "Minggu, 16/03/2025",
    "imsak": "05:13",
    "subuh": "05:23",
    "terbit": "06:34",
    "dhuha": "07:01",
    "dzuhur": "12:45",
    "ashar": "15:48",
    "maghrib": "18:48",
    "isya": "19:56"
  },
  {
    "tanggal": "Senin, 17/03/2025",
    "imsak": "05:13",
    "subuh": "05:23",
    "terbit": "06:34",
    "dhuha": "07:01",
    "dzuhur": "12:44",
    "ashar": "15:48",
    "maghrib": "18:48",
    "isya": "19:56"
  },
  {
    "tanggal": "Selasa, 18/03/2025",
    "imsak": "05:13",
    "subuh": "05:23",
    "terbit": "06:34",
    "dhuha": "07:01",
    "dzuhur": "12:44",
    "ashar": "15:49",
    "maghrib": "18:47",
    "isya": "19:55"
  },
  {
    "tanggal": "Rabu, 19/03/2025",
    "imsak": "05:13",
    "subuh": "05:23",
    "terbit": "06:34",
    "dhuha": "07:01",
    "dzuhur": "12:44",
    "ashar": "15:49",
    "maghrib": "18:47",
    "isya": "19:55"
  },
  {
    "tanggal": "Kamis, 20/03/2025",
    "imsak": "05:12",
    "subuh": "05:22",
    "terbit": "06:34",
    "dhuha": "07:01",
    "dzuhur": "12:44",
    "ashar": "15:49",
    "maghrib": "18:47",
    "isya": "19:55"
  },
  {
    "tanggal": "Jumat, 21/03/2025",
    "imsak": "05:12",
    "subuh": "05:22",
    "terbit": "06:34",
    "dhuha": "07:00",
    "dzuhur": "12:44",
    "ashar": "15:50",
    "maghrib": "18:47",
    "isya": "19:55"
  },
  {
    "tanggal": "Sabtu, 22/03/2025",
    "imsak": "05:12",
    "subuh": "05:22",
    "terbit": "06:33",
    "dhuha": "07:00",
    "dzuhur": "12:43",
    "ashar": "15:50",
    "maghrib": "18:46",
    "isya": "19:54"
  },
  {
    "tanggal": "Minggu, 23/03/2025",
    "imsak": "05:12",
    "subuh": "05:22",
    "terbit": "06:33",
    "dhuha": "07:00",
    "dzuhur": "12:43",
    "ashar": "15:50",
    "maghrib": "18:45",
    "isya": "19:53"
  },
  {
    "tanggal": "Senin, 24/03/2025",
    "imsak": "05:12",
    "subuh": "05:22",
    "terbit": "06:33",
    "dhuha": "07:00",
    "dzuhur": "12:42",
    "ashar": "15:50",
    "maghrib": "18:45",
    "isya": "19:53"
  },
  {
    "tanggal": "Selasa, 25/03/2025",
    "imsak": "05:11",
    "subuh": "05:21",
    "terbit": "06:33",
    "dhuha": "07:00",
    "dzuhur": "12:42",
    "ashar": "15:51",
    "maghrib": "18:45",
    "isya": "19:53"
  },
  {
    "tanggal": "Rabu, 26/03/2025",
    "imsak": "05:11",
    "subuh": "05:21",
    "terbit": "06:32",
    "dhuha": "06:59",
    "dzuhur": "12:42",
    "ashar": "15:51",
    "maghrib": "18:44",
    "isya": "19:52"
  },
  {
    "tanggal": "Kamis, 27/03/2025",
    "imsak": "05:11",
    "subuh": "05:21",
    "terbit": "06:32",
    "dhuha": "06:59",
    "dzuhur": "12:41",
    "ashar": "15:51",
    "maghrib": "18:44",
    "isya": "19:52"
  },
  {
    "tanggal": "Jumat, 28/03/2025",
    "imsak": "05:11",
    "subuh": "05:21",
    "terbit": "06:32",
    "dhuha": "06:59",
    "dzuhur": "12:41",
    "ashar": "15:51",
    "maghrib": "18:43",
    "isya": "19:51"
  },
  {
    "tanggal": "Sabtu, 29/03/2025",
    "imsak": "05:11",
    "subuh": "05:21",
    "terbit": "06:32",
    "dhuha": "06:59",
    "dzuhur": "12:41",
    "ashar": "15:51",
    "maghrib": "18:43",
    "isya": "19:51"
  },
  {
    "tanggal": "Minggu, 30/03/2025",
    "imsak": "05:10",
    "subuh": "05:20",
    "terbit": "06:32",
    "dhuha": "06:59",
    "dzuhur": "12:41",
    "ashar": "15:52",
    "maghrib": "18:42",
    "isya": "19:51"
  },
  {
    "tanggal": "Senin, 31/03/2025",
    "imsak": "05:10",
    "subuh": "05:20",
    "terbit": "06:31",
    "dhuha": "06:59",
    "dzuhur": "12:40",
    "ashar": "15:52",
    "maghrib": "18:42",
    "isya": "19:50"
  }
]