[
  {
    "tanggal": "Sabtu, 01/03/2025",
    "imsak": "04:29",
    "subuh": "04:39",
    "terbit": "05:51",
    "dhuha": "06:18",
    "dzuhur": "12:02",
    "ashar": "15:11",
    "maghrib": "18:06",
    "isya": "19:14"
  },
  {
    "tanggal": "Minggu, 02/03/2025",
    "imsak": "04:29",
    "subuh": "04:39",
    "terbit": "05:51",
    "dhuha": "06:18",
    "dzuhur": "12:02",
    "ashar": "15:11",
    "maghrib": "18:05",
    "isya": "19:14"
  },
  {
    "tanggal": "Senin, 03/03/2025",
    "imsak": "04:29",
    "subuh": "04:39",
    "terbit": "05:51",
    "dhuha": "06:18",
    "dzuhur": "12:01",
    "ashar": "15:10",
    "maghrib": "18:05",
    "isya": "19:14"
  },
  {
    "tanggal": "Selasa, 04/03/2025",
    "imsak": "04:29",
    "subuh": "04:39",
    "terbit": "05:50",
    "dhuha": "06:18",
    "dzuhur": "12:01",
    "ashar": "15:09",
    "maghrib": "18:05",
    "isya": "19:13"
  },
  {
    "tanggal": "Rabu, 05/03/2025",
    "imsak": "04:29",
    "subuh": "04:39",
    "terbit": "05:50",
    "dhuha": "06:17",
    "dzuhur": "12:01",
    "ashar": "15:08",
    "maghrib": "18:05",
    "isya": "19:13"
  },
  {
    "tanggal": "Kamis, 06/03/2025",
    "imsak": "04:29",
    "subuh": "04:39",
    "terbit": "05:50",
    "dhuha": "06:17",
    "dzuhur": "12:01",
    "ashar": "15:07",
    "maghrib": "18:04",
    "isya": "19:13"
  },
  {
    "tanggal": "Jumat, 07/03/2025",
    "imsak": "04:29",
    "subuh": "04:39",
    "terbit": "05:50",
    "dhuha": "06:17",
    "dzuhur": "12:01",
    "ashar": "15:06",
    "maghrib": "18:04",
    "isya": "19:12"
  },
  {
    "tanggal": "Sabtu, 08/03/2025",
    "imsak": "04:28",
    "subuh": "04:38",
    "terbit": "05:50",
    "dhuha": "06:17",
    "dzuhur": "12:00",
    "ashar": "15:06",
    "maghrib": "18:04",
    "isya": "19:12"
  },
  {
    "tanggal": "Minggu, 09/03/2025",
    "imsak": "04:28",
    "subuh": "04:38",
    "terbit": "05:50",
    "dhuha": "06:17",
    "dzuhur": "12:00",
    "ashar": "15:05",
    "maghrib": "18:03",
    "isya": "19:12"
  },
  {
    "tanggal": "Senin, 10/03/2025",
    "imsak": "04:28",
    "subuh": "04:38",
    "terbit": "05:49",
    "dhuha": "06:16",
    "dzuhur": "12:00",
    "ashar": "15:04",
    "maghrib": "18:03",
    "isya": "19:11"
  },
  {
    "tanggal": "Selasa, 11/03/2025",
    "imsak": "04:28",
    "subuh": "04:38",
    "terbit": "05:49",
    "dhuha": "06:16",
    "dzuhur": "11:59",
    "ashar": "15:03",
    "maghrib": "18:03",
    "isya": "19:11"
  },
  {
    "tanggal": "Rabu, 12/03/2025",
    "imsak": "04:28",
    "subuh": "04:38",
    "terbit": "05:49",
    "dhuha": "06:16",
    "dzuhur": "11:59",
    "ashar": "15:02",
    "maghrib": "18:03",
    "isya": "19:11"
  },
  {
    "tanggal": "Kamis, 13/03/2025",
    "imsak": "04:28",
    "subuh": "04:38",
    "terbit": "05:49",
    "dhuha": "06:16",
    "dzuhur": "11:59",
    "ashar": "15:01",
    "maghrib": "18:02",
    "isya": "19:10"
  },
  {
    "tanggal": "Jumat, 14/03/2025",
    "imsak": "04:27",
    "subuh": "04:37",
    "terbit": "05:48",
    "dhuha": "06:15",
    "dzuhur": "11:59",
    "ashar": "15:00",
    "maghrib": "18:02",
    "isya": "19:10"
  },
  {
    "tanggal": "Sabtu, 15/03/2025",
    "imsak": "04:27",
    "subuh": "04:37",
    "terbit": "05:48",
    "dhuha": "06:15",
    "dzuhur": "11:58",
    "ashar": "14:59",
    "maghrib": "18:02",
    "isya": "19:10"
  },
  {
    "tanggal": "Minggu, 16/03/2025",
    "imsak": "04:27",
    "subuh": "04:37",
    "terbit": "05:48",
    "dhuha": "06:15",
    "dzuhur": "11:58",
    "ashar": "14:57",
    "maghrib": "18:01",
    "isya": "19:09"
  },
  {
    "tanggal": "Senin, 17/03/2025",
    "imsak": "04:27",
    "subuh": "04:37",
    "terbit": "05:48",
    "dhuha": "06:15",
    "dzuhur": "11:58",
    "ashar": "14:57",
    "maghrib": "18:01",
    "isya": "19:09"
  },
  {
    "tanggal": "Selasa, 18/03/2025",
    "imsak": "04:26",
    "subuh": "04:36",
    "terbit": "05:48",
    "dhuha": "06:14",
    "dzuhur": "11:58",
    "ashar": "14:58",
    "maghrib": "18:01",
    "isya": "19:09"
  },
  {
    "tanggal": "Rabu, 19/03/2025",
    "imsak": "04:26",
    "subuh": "04:36",
    "terbit": "05:47",
    "dhuha": "06:14",
    "dzuhur": "11:57",
    "ashar": "14:58",
    "maghrib": "18:00",
    "isya": "19:08"
  },
  {
    "tanggal": "Kamis, 20/03/2025",
    "imsak": "04:26",
    "subuh": "04:36",
    "terbit": "05:47",
    "dhuha": "06:14",
    "dzuhur": "11:57",
    "ashar": "14:59",
    "maghrib": "18:00",
    "isya": "19:08"
  },
  {
    "tanggal": "Jumat, 21/03/2025",
    "imsak": "04:26",
    "subuh": "04:36",
    "terbit": "05:47",
    "dhuha": "06:14",
    "dzuhur": "11:57",
    "ashar": "14:59",
    "maghrib": "18:00",
    "isya": "19:08"
  },
  {
    "tanggal": "Sabtu, 22/03/2025",
    "imsak": "04:26",
    "subuh": "04:36",
    "terbit": "05:47",
    "dhuha": "06:13",
    "dzuhur": "11:57",
    "ashar": "15:00",
    "maghrib": "18:00",
    "isya": "19:08"
  },
  {
    "tanggal": "Minggu, 23/03/2025",
    "imsak": "04:25",
    "subuh": "04:35",
    "terbit": "05:46",
    "dhuha": "06:13",
    "dzuhur": "11:56",
    "ashar": "15:00",
    "maghrib": "17:59",
    "isya": "19:07"
  },
  {
    "tanggal": "Senin, 24/03/2025",
    "imsak": "04:25",
    "subuh": "04:35",
    "terbit": "05:46",
    "dhuha": "06:13",
    "dzuhur": "11:56",
    "ashar": "15:00",
    "maghrib": "17:59",
    "isya": "19:07"
  },
  {
    "tanggal": "Selasa, 25/03/2025",
    "imsak": "04:25",
    "subuh": "04:35",
    "terbit": "05:46",
    "dhuha": "06:13",
    "dzuhur": "11:55",
    "ashar": "15:01",
    "maghrib": "17:58",
    "isya": "19:06"
  },
  {
    "tanggal": "Rabu, 26/03/2025",
    "imsak": "04:24",
    "subuh": "04:34",
    "terbit": "05:45",
    "dhuha": "06:12",
    "dzuhur": "11:55",
    "ashar": "15:01",
    "maghrib": "17:58",
    "isya": "19:06"
  },
  {
    "tanggal": "Kamis, 27/03/2025",
    "imsak": "04:24",
    "subuh": "04:34",
    "terbit": "05:45",
    "dhuha": "06:12",
    "dzuhur": "11:55",
    "ashar": "15:01",
    "maghrib": "17:57",
    "isya": "19:06"
  },
  {
    "tanggal": "Jumat, 28/03/2025",
    "imsak": "04:24",
    "subuh": "04:34",
    "terbit": "05:45",
    "dhuha": "06:12",
    "dzuhur": "11:55",
    "ashar": "15:01",
    "maghrib": "17:57",
    "isya": "19:05"
  },
  {
    "tanggal": "Sabtu, 29/03/2025",
    "imsak": "04:24",
    "subuh": "04:34",
    "terbit": "05:45",
    "dhuha": "06:12",
    "dzuhur": "11:54",
    "ashar": "15:02",
    "maghrib": "17:57",
    "isya": "19:05"
  },
  {
    "tanggal": "Minggu, 30/03/2025",
    "imsak": "04:23",
    "subuh": "04:33",
    "terbit": "05:44",
    "dhuha": "06:11",
    "dzuhur": "11:54",
    "ashar": "15:02",
    "maghrib": "17:56",
    "isya": "19:05"
  },
  {
    "tanggal": "Senin, 31/03/2025",
    "imsak": "04:23",
    "subuh": "04:33",
    "terbit": "05:44",
    "dhuha": "06:11",
    "dzuhur": "11:54",
    "ashar": "15:02",
    "maghrib": "17:56",
    "isya": "19:04"
  }
]