[
  {
    "tanggal": "Sabtu, 01/03/2025",
    "imsak": "05:25",
    "subuh": "05:35",
    "terbit": "06:47",
    "dhuha": "07:14",
    "dzuhur": "12:58",
    "ashar": "16:07",
    "maghrib": "19:02",
    "isya": "20:11"
  },
  {
    "tanggal": "Minggu, 02/03/2025",
    "imsak": "05:25",
    "subuh": "05:35",
    "terbit": "06:47",
    "dhuha": "07:14",
    "dzuhur": "12:58",
    "ashar": "16:07",
    "maghrib": "19:02",
    "isya": "20:11"
  },
  {
    "tanggal": "Senin, 03/03/2025",
    "imsak": "05:25",
    "subuh": "05:35",
    "terbit": "06:47",
    "dhuha": "07:14",
    "dzuhur": "12:58",
    "ashar": "16:06",
    "maghrib": "19:02",
    "isya": "20:10"
  },
  {
    "tanggal": "Selasa, 04/03/2025",
    "imsak": "05:25",
    "subuh": "05:35",
    "terbit": "06:47",
    "dhuha": "07:14",
    "dzuhur": "12:58",
    "ashar": "16:05",
    "maghrib": "19:01",
    "isya": "20:10"
  },
  {
    "tanggal": "Rabu, 05/03/2025",
    "imsak": "05:25",
    "subuh": "05:35",
    "terbit": "06:47",
    "dhuha": "07:14",
    "dzuhur": "12:57",
    "ashar": "16:04",
    "maghrib": "19:01",
    "isya": "20:10"
  },
  {
    "tanggal": "Kamis, 06/03/2025",
    "imsak": "05:25",
    "subuh": "05:35",
    "terbit": "06:46",
    "dhuha": "07:14",
    "dzuhur": "12:57",
    "ashar": "16:03",
    "maghrib": "19:01",
    "isya": "20:09"
  },
  {
    "tanggal": "Jumat, 07/03/2025",
    "imsak": "05:25",
    "subuh": "05:35",
    "terbit": "06:46",
    "dhuha": "07:13",
    "dzuhur": "12:57",
    "ashar": "16:02",
    "maghrib": "19:01",
    "isya": "20:09"
  },
  {
    "tanggal": "Sabtu, 08/03/2025",
    "imsak": "05:25",
    "subuh": "05:35",
    "terbit": "06:46",
    "dhuha": "07:13",
    "dzuhur": "12:57",
    "ashar": "16:01",
    "maghrib": "19:00",
    "isya": "20:09"
  },
  {
    "tanggal": "Minggu, 09/03/2025",
    "imsak": "05:25",
    "subuh": "05:35",
    "terbit": "06:46",
    "dhuha": "07:13",
    "dzuhur": "12:56",
    "ashar": "16:00",
    "maghrib": "19:00",
    "isya": "20:08"
  },
  {
    "tanggal": "Senin, 10/03/2025",
    "imsak": "05:24",
    "subuh": "05:34",
    "terbit": "06:46",
    "dhuha": "07:13",
    "dzuhur": "12:56",
    "ashar": "15:59",
    "maghrib": "19:00",
    "isya": "20:08"
  },
  {
    "tanggal": "Selasa, 11/03/2025",
    "imsak": "05:24",
    "subuh": "05:34",
    "terbit": "06:46",
    "dhuha": "07:13",
    "dzuhur": "12:56",
    "ashar": "15:58",
    "maghrib": "18:59",
    "isya": "20:08"
  },
  {
    "tanggal": "Rabu, 12/03/2025",
    "imsak": "05:24",
    "subuh": "05:34",
    "terbit": "06:45",
    "dhuha": "07:12",
    "dzuhur": "12:56",
    "ashar": "15:57",
    "maghrib": "18:59",
    "isya": "20:07"
  },
  {
    "tanggal": "Kamis, 13/03/2025",
    "imsak": "05:24",
    "subuh": "05:34",
    "terbit": "06:45",
    "dhuha": "07:12",
    "dzuhur": "12:55",
    "ashar": "15:56",
    "maghrib": "18:59",
    "isya": "20:07"
  },
  {
    "tanggal": "Jumat, 14/03/2025",
    "imsak": "05:24",
    "subuh": "05:34",
    "terbit": "06:45",
    "dhuha": "07:12",
    "dzuhur": "12:55",
    "ashar": "15:55",
    "maghrib": "18:58",
    "isya": "20:07"
  },
  {
    "tanggal": "Sabtu, 15/03/2025",
    "imsak": "05:24",
    "subuh": "05:34",
    "terbit": "06:45",
    "dhuha": "07:12",
    "dzuhur": "12:55",
    "ashar": "15:54",
    "maghrib": "18:58",
    "isya": "20:06"
  },
  {
    "tanggal": "Minggu, 16/03/2025",
    "imsak": "05:23",
    "subuh": "05:33",
    "terbit": "06:44",
    "dhuha": "07:11",
    "dzuhur": "12:55",
    "ashar": "15:54",
    "maghrib": "18:58",
    "isya": "20:06"
  },
  {
    "tanggal": "Senin, 17/03/2025",
    "imsak": "05:23",
    "subuh": "05:33",
    "terbit": "06:44",
    "dhuha": "07:11",
    "dzuhur": "12:54",
    "ashar": "15:55",
    "maghrib": "18:57",
    "isya": "20:05"
  },
  {
    "tanggal": "Selasa, 18/03/2025",
    "imsak": "05:23",
    "subuh": "05:33",
    "terbit": "06:44",
    "dhuha": "07:11",
    "dzuhur": "12:54",
    "ashar": "15:55",
    "maghrib": "18:57",
    "isya": "20:05"
  },
  {
    "tanggal": "Rabu, 19/03/2025",
    "imsak": "05:23",
    "subuh": "05:33",
    "terbit": "06:44",
    "dhuha": "07:11",
    "dzuhur": "12:54",
    "ashar": "15:55",
    "maghrib": "18:57",
    "isya": "20:05"
  },
  {
    "tanggal": "Kamis, 20/03/2025",
    "imsak": "05:22",
    "subuh": "05:32",
    "terbit": "06:43",
    "dhuha": "07:10",
    "dzuhur": "12:53",
    "ashar": "15:56",
    "maghrib": "18:56",
    "isya": "20:04"
  },
  {
    "tanggal": "Jumat, 21/03/2025",
    "imsak": "05:22",
    "subuh": "05:32",
    "terbit": "06:43",
    "dhuha": "07:10",
    "dzuhur": "12:53",
    "ashar": "15:57",
    "maghrib": "18:56",
    "isya": "20:04"
  },
  {
    "tanggal": "Sabtu, 22/03/2025",
    "imsak": "05:22",
    "subuh": "05:32",
    "terbit": "06:43",
    "dhuha": "07:10",
    "dzuhur": "12:53",
    "ashar": "15:57",
    "maghrib": "18:56",
    "isya": "20:04"
  },
  {
    "tanggal": "Minggu, 23/03/2025",
    "imsak": "05:22",
    "subuh": "05:32",
    "terbit": "06:43",
    "dhuha": "07:10",
    "dzuhur": "12:53",
    "ashar": "15:57",
    "maghrib": "18:55",
    "isya": "20:03"
  },
  {
    "tanggal": "Senin, 24/03/2025",
    "imsak": "05:21",
    "subuh": "05:31",
    "terbit": "06:42",
    "dhuha": "07:09",
    "dzuhur": "12:52",
    "ashar": "15:57",
    "maghrib": "18:55",
    "isya": "20:03"
  },
  {
    "tanggal": "Selasa, 25/03/2025",
    "imsak": "05:21",
    "subuh": "05:31",
    "terbit": "06:42",
    "dhuha": "07:09",
    "dzuhur": "12:52",
    "ashar": "15:58",
    "maghrib": "18:55",
    "isya": "20:03"
  },
  {
    "tanggal": "Rabu, 26/03/2025",
    "imsak": "05:21",
    "subuh": "05:31",
    "terbit": "06:42",
    "dhuha": "07:09",
    "dzuhur": "12:52",
    "ashar": "15:58",
    "maghrib": "18:54",
    "isya": "20:02"
  },
  {
    "tanggal": "Kamis, 27/03/2025",
    "imsak": "05:21",
    "subuh": "05:31",
    "terbit": "06:42",
    "dhuha": "07:09",
    "dzuhur": "12:51",
    "ashar": "15:58",
    "maghrib": "18:54",
    "isya": "20:02"
  },
  {
    "tanggal": "Jumat, 28/03/2025",
    "imsak": "05:20",
    "subuh": "05:30",
    "terbit": "06:41",
    "dhuha": "07:09",
    "dzuhur": "12:51",
    "ashar": "15:58",
    "maghrib": "18:54",
    "isya": "20:02"
  },
  {
    "tanggal": "Sabtu, 29/03/2025",
    "imsak": "05:20",
    "subuh": "05:30",
    "terbit": "06:41",
    "dhuha": "07:08",
    "dzuhur": "12:51",
    "ashar": "15:59",
    "maghrib": "18:53",
    "isya": "20:01"
  },
  {
    "tanggal": "Minggu, 30/03/2025",
    "imsak": "05:20",
    "subuh": "05:30",
    "terbit": "06:41",
    "dhuha": "07:08",
    "dzuhur": "12:50",
    "ashar": "15:59",
    "maghrib": "18:53",
    "isya": "20:01"
  },
  {
    "tanggal": "Senin, 31/03/2025",
    "imsak": "05:20",
    "subuh": "05:30",
    "terbit": "06:41",
    "dhuha": "07:08",
    "dzuhur": "12:50",
    "ashar": "15:59",
    "maghrib": "18:52",
    "isya": "20:01"
  }
]