[
  {
    "tanggal": "Sabtu, 01/03/2025",
    "imsak": "04:24",
    "subuh": "04:34",
    "terbit": "05:42",
    "dhuha": "06:13",
    "dzuhur": "11:58",
    "ashar": "15:05",
    "maghrib": "18:07",
    "isya": "19:12"
  },
  {
    "tanggal": "Minggu, 02/03/2025",
    "imsak": "04:24",
    "subuh": "04:34",
    "terbit": "05:42",
    "dhuha": "06:13",
    "dzuhur": "11:58",
    "ashar": "15:04",
    "maghrib": "18:07",
    "isya": "19:12"
  },
  {
    "tanggal": "Senin, 03/03/2025",
    "imsak": "04:24",
    "subuh": "04:34",
    "terbit": "05:42",
    "dhuha": "06:13",
    "dzuhur": "11:58",
    "ashar": "15:03",
    "maghrib": "18:07",
    "isya": "19:11"
  },
  {
    "tanggal": "Selasa, 04/03/2025",
    "imsak": "04:24",
    "subuh": "04:34",
    "terbit": "05:42",
    "dhuha": "06:13",
    "dzuhur": "11:58",
    "ashar": "15:02",
    "maghrib": "18:06",
    "isya": "19:11"
  },
  {
    "tanggal": "Rabu, 05/03/2025",
    "imsak": "04:24",
    "subuh": "04:34",
    "terbit": "05:42",
    "dhuha": "06:13",
    "dzuhur": "11:57",
    "ashar": "15:01",
    "maghrib": "18:06",
    "isya": "19:11"
  },
  {
    "tanggal": "Kamis, 06/03/2025",
    "imsak": "04:24",
    "subuh": "04:34",
    "terbit": "05:42",
    "dhuha": "06:13",
    "dzuhur": "11:57",
    "ashar": "15:00",
    "maghrib": "18:06",
    "isya": "19:10"
  },
  {
    "tanggal": "Jumat, 07/03/2025",
    "imsak": "04:24",
    "subuh": "04:34",
    "terbit": "05:41",
    "dhuha": "06:13",
    "dzuhur": "11:57",
    "ashar": "14:59",
    "maghrib": "18:05",
    "isya": "19:10"
  },
  {
    "tanggal": "Sabtu, 08/03/2025",
    "imsak": "04:24",
    "subuh": "04:34",
    "terbit": "05:41",
    "dhuha": "06:12",
    "dzuhur": "11:57",
    "ashar": "14:58",
    "maghrib": "18:05",
    "isya": "19:09"
  },
  {
    "tanggal": "Minggu, 09/03/2025",
    "imsak": "04:24",
    "subuh": "04:34",
    "terbit": "05:41",
    "dhuha": "06:12",
    "dzuhur": "11:56",
    "ashar": "14:57",
    "maghrib": "18:05",
    "isya": "19:09"
  },
  {
    "tanggal": "Senin, 10/03/2025",
    "imsak": "04:24",
    "subuh": "04:34",
    "terbit": "05:41",
    "dhuha": "06:12",
    "dzuhur": "11:56",
    "ashar": "14:56",
    "maghrib": "18:04",
    "isya": "19:09"
  },
  {
    "tanggal": "Selasa, 11/03/2025",
    "imsak": "04:24",
    "subuh": "04:34",
    "terbit": "05:41",
    "dhuha": "06:12",
    "dzuhur": "11:56",
    "ashar": "14:55",
    "maghrib": "18:04",
    "isya": "19:08"
  },
  {
    "tanggal": "Rabu, 12/03/2025",
    "imsak": "04:23",
    "subuh": "04:33",
    "terbit": "05:41",
    "dhuha": "06:12",
    "dzuhur": "11:56",
    "ashar": "14:56",
    "maghrib": "18:03",
    "isya": "19:08"
  },
  {
    "tanggal": "Kamis, 13/03/2025",
    "imsak": "04:23",
    "subuh": "04:33",
    "terbit": "05:41",
    "dhuha": "06:12",
    "dzuhur": "11:55",
    "ashar": "14:56",
    "maghrib": "18:03",
    "isya": "19:07"
  },
  {
    "tanggal": "Jumat, 14/03/2025",
    "imsak": "04:23",
    "subuh": "04:33",
    "terbit": "05:40",
    "dhuha": "06:11",
    "dzuhur": "11:55",
    "ashar": "14:57",
    "maghrib": "18:03",
    "isya": "19:07"
  },
  {
    "tanggal": "Sabtu, 15/03/2025",
    "imsak": "04:23",
    "subuh": "04:33",
    "terbit": "05:40",
    "dhuha": "06:11",
    "dzuhur": "11:55",
    "ashar": "14:57",
    "maghrib": "18:02",
    "isya": "19:06"
  },
  {
    "tanggal": "Minggu, 16/03/2025",
    "imsak": "04:23",
    "subuh": "04:33",
    "terbit": "05:40",
    "dhuha": "06:11",
    "dzuhur": "11:55",
    "ashar": "14:58",
    "maghrib": "18:02",
    "isya": "19:06"
  },
  {
    "tanggal": "Senin, 17/03/2025",
    "imsak": "04:23",
    "subuh": "04:33",
    "terbit": "05:40",
    "dhuha": "06:11",
    "dzuhur": "11:54",
    "ashar": "14:58",
    "maghrib": "18:01",
    "isya": "19:06"
  },
  {
    "tanggal": "Selasa, 18/03/2025",
    "imsak": "04:23",
    "subuh": "04:33",
    "terbit": "05:40",
    "dhuha": "06:11",
    "dzuhur": "11:54",
    "ashar": "14:58",
    "maghrib": "18:01",
    "isya": "19:05"
  },
  {
    "tanggal": "Rabu, 19/03/2025",
    "imsak": "04:22",
    "subuh": "04:32",
    "terbit": "05:40",
    "dhuha": "06:11",
    "dzuhur": "11:54",
    "ashar": "14:59",
    "maghrib": "18:01",
    "isya": "19:05"
  },
  {
    "tanggal": "Kamis, 20/03/2025",
    "imsak": "04:22",
    "subuh": "04:32",
    "terbit": "05:39",
    "dhuha": "06:10",
    "dzuhur": "11:53",
    "ashar": "14:59",
    "maghrib": "18:00",
    "isya": "19:04"
  },
  {
    "tanggal": "Jumat, 21/03/2025",
    "imsak": "04:22",
    "subuh": "04:32",
    "terbit": "05:39",
    "dhuha": "06:10",
    "dzuhur": "11:53",
    "ashar": "15:00",
    "maghrib": "18:00",
    "isya": "19:04"
  },
  {
    "tanggal": "Sabtu, 22/03/2025",
    "imsak": "04:22",
    "subuh": "04:32",
    "terbit": "05:39",
    "dhuha": "06:10",
    "dzuhur": "11:53",
    "ashar": "15:00",
    "maghrib": "18:00",
    "isya": "19:04"
  },
  {
    "tanggal": "Minggu, 23/03/2025",
    "imsak": "04:22",
    "subuh": "04:32",
    "terbit": "05:39",
    "dhuha": "06:10",
    "dzuhur": "11:52",
    "ashar": "15:00",
    "maghrib": "17:59",
    "isya": "19:03"
  },
  {
    "tanggal": "Senin, 24/03/2025",
    "imsak": "04:21",
    "subuh": "04:31",
    "terbit": "05:39",
    "dhuha": "06:10",
    "dzuhur": "11:52",
    "ashar": "15:00",
    "maghrib": "17:59",
    "isya": "19:03"
  },
  {
    "tanggal": "Selasa, 25/03/2025",
    "imsak": "04:21",
    "subuh": "04:31",
    "terbit": "05:38",
    "dhuha": "06:09",
    "dzuhur": "11:52",
    "ashar": "15:00",
    "maghrib": "17:58",
    "isya": "19:02"
  },
  {
    "tanggal": "Rabu, 26/03/2025",
    "imsak": "04:21",
    "subuh": "04:31",
    "terbit": "05:38",
    "dhuha": "06:09",
    "dzuhur": "11:52",
    "ashar": "15:01",
    "maghrib": "17:58",
    "isya": "19:02"
  },
  {
    "tanggal": "Kamis, 27/03/2025",
    "imsak": "04:21",
    "subuh": "04:31",
    "terbit": "05:38",
    "dhuha": "06:09",
    "dzuhur": "11:51",
    "ashar": "15:01",
    "maghrib": "17:57",
    "isya": "19:02"
  },
  {
    "tanggal": "Jumat, 28/03/2025",
    "imsak": "04:21",
    "subuh": "04:31",
    "terbit": "05:38",
    "dhuha": "06:09",
    "dzuhur": "11:51",
    "ashar": "15:01",
    "maghrib": "17:57",
    "isya": "19:01"
  },
  {
    "tanggal": "Sabtu, 29/03/2025",
    "imsak": "04:20",
    "subuh": "04:30",
    "terbit": "05:38",
    "dhuha": "06:09",
    "dzuhur": "11:51",
    "ashar": "15:01",
    "maghrib": "17:57",
    "isya": "19:01"
  },
  {
    "tanggal": "Minggu, 30/03/2025",
    "imsak": "04:20",
    "subuh": "04:30",
    "terbit": "05:37",
    "dhuha": "06:08",
    "dzuhur": "11:50",
    "ashar": "15:01",
    "maghrib": "17:56",
    "isya": "19:00"
  },
  {
    "tanggal": "Senin, 31/03/2025",
    "imsak": "04:20",
    "subuh": "04:30",
    "terbit": "05:37",
    "dhuha": "06:08",
    "dzuhur": "11:50",
    "ashar": "15:01",
    "maghrib": "17:56",
    "isya": "19:00"
  }
]