[
  {
    "tanggal": "Sabtu, 01/03/2025",
    "imsak": "05:12",
    "subuh": "05:22",
    "terbit": "06:29",
    "dhuha": "07:01",
    "dzuhur": "12:42",
    "ashar": "15:56",
    "maghrib": "18:47",
    "isya": "19:52"
  },
  {
    "tanggal": "Minggu, 02/03/2025",
    "imsak": "05:12",
    "subuh": "05:22",
    "terbit": "06:29",
    "dhuha": "07:00",
    "dzuhur": "12:42",
    "ashar": "15:56",
    "maghrib": "18:47",
    "isya": "19:52"
  },
  {
    "tanggal": "Senin, 03/03/2025",
    "imsak": "05:11",
    "subuh": "05:21",
    "terbit": "06:29",
    "dhuha": "07:00",
    "dzuhur": "12:41",
    "ashar": "15:55",
    "maghrib": "18:47",
    "isya": "19:51"
  },
  {
    "tanggal": "Selasa, 04/03/2025",
    "imsak": "05:11",
    "subuh": "05:21",
    "terbit": "06:29",
    "dhuha": "07:00",
    "dzuhur": "12:41",
    "ashar": "15:55",
    "maghrib": "18:47",
    "isya": "19:51"
  },
  {
    "tanggal": "Rabu, 05/03/2025",
    "imsak": "05:11",
    "subuh": "05:21",
    "terbit": "06:28",
    "dhuha": "06:59",
    "dzuhur": "12:41",
    "ashar": "15:54",
    "maghrib": "18:47",
    "isya": "19:51"
  },
  {
    "tanggal": "Kamis, 06/03/2025",
    "imsak": "05:11",
    "subuh": "05:21",
    "terbit": "06:28",
    "dhuha": "06:59",
    "dzuhur": "12:41",
    "ashar": "15:53",
    "maghrib": "18:47",
    "isya": "19:51"
  },
  {
    "tanggal": "Jumat, 07/03/2025",
    "imsak": "05:10",
    "subuh": "05:20",
    "terbit": "06:28",
    "dhuha": "06:59",
    "dzuhur": "12:40",
    "ashar": "15:53",
    "maghrib": "18:46",
    "isya": "19:51"
  },
  {
    "tanggal": "Sabtu, 08/03/2025",
    "imsak": "05:10",
    "subuh": "05:20",
    "terbit": "06:27",
    "dhuha": "06:58",
    "dzuhur": "12:40",
    "ashar": "15:52",
    "maghrib": "18:46",
    "isya": "19:50"
  },
  {
    "tanggal": "Minggu, 09/03/2025",
    "imsak": "05:10",
    "subuh": "05:20",
    "terbit": "06:27",
    "dhuha": "06:58",
    "dzuhur": "12:40",
    "ashar": "15:51",
    "maghrib": "18:46",
    "isya": "19:50"
  },
  {
    "tanggal": "Senin, 10/03/2025",
    "imsak": "05:09",
    "subuh": "05:19",
    "terbit": "06:27",
    "dhuha": "06:58",
    "dzuhur": "12:40",
    "ashar": "15:50",
    "maghrib": "18:46",
    "isya": "19:50"
  },
  {
    "tanggal": "Selasa, 11/03/2025",
    "imsak": "05:09",
    "subuh": "05:19",
    "terbit": "06:26",
    "dhuha": "06:57",
    "dzuhur": "12:39",
    "ashar": "15:50",
    "maghrib": "18:46",
    "isya": "19:50"
  },
  {
    "tanggal": "Rabu, 12/03/2025",
    "imsak": "05:09",
    "subuh": "05:19",
    "terbit": "06:26",
    "dhuha": "06:57",
    "dzuhur": "12:39",
    "ashar": "15:49",
    "maghrib": "18:46",
    "isya": "19:50"
  },
  {
    "tanggal": "Kamis, 13/03/2025",
    "imsak": "05:08",
    "subuh": "05:18",
    "terbit": "06:26",
    "dhuha": "06:57",
    "dzuhur": "12:39",
    "ashar": "15:48",
    "maghrib": "18:45",
    "isya": "19:49"
  },
  {
    "tanggal": "Jumat, 14/03/2025",
    "imsak": "05:08",
    "subuh": "05:18",
    "terbit": "06:25",
    "dhuha": "06:56",
    "dzuhur": "12:39",
    "ashar": "15:47",
    "maghrib": "18:45",
    "isya": "19:49"
  },
  {
    "tanggal": "Sabtu, 15/03/2025",
    "imsak": "05:08",
    "subuh": "05:18",
    "terbit": "06:25",
    "dhuha": "06:56",
    "dzuhur": "12:38",
    "ashar": "15:46",
    "maghrib": "18:45",
    "isya": "19:49"
  },
  {
    "tanggal": "Minggu, 16/03/2025",
    "imsak": "05:07",
    "subuh": "05:17",
    "terbit": "06:25",
    "dhuha": "06:56",
    "dzuhur": "12:38",
    "ashar": "15:46",
    "maghrib": "18:45",
    "isya": "19:49"
  },
  {
    "tanggal": "Senin, 17/03/2025",
    "imsak": "05:07",
    "subuh": "05:17",
    "terbit": "06:24",
    "dhuha": "06:55",
    "dzuhur": "12:38",
    "ashar": "15:45",
    "maghrib": "18:45",
    "isya": "19:49"
  },
  {
    "tanggal": "Selasa, 18/03/2025",
    "imsak": "05:07",
    "subuh": "05:17",
    "terbit": "06:24",
    "dhuha": "06:55",
    "dzuhur": "12:38",
    "ashar": "15:44",
    "maghrib": "18:44",
    "isya": "19:48"
  },
  {
    "tanggal": "Rabu, 19/03/2025",
    "imsak": "05:06",
    "subuh": "05:16",
    "terbit": "06:23",
    "dhuha": "06:54",
    "dzuhur": "12:37",
    "ashar": "15:43",
    "maghrib": "18:44",
    "isya": "19:48"
  },
  {
    "tanggal": "Kamis, 20/03/2025",
    "imsak": "05:06",
    "subuh": "05:16",
    "terbit": "06:23",
    "dhuha": "06:54",
    "dzuhur": "12:37",
    "ashar": "15:42",
    "maghrib": "18:44",
    "isya": "19:48"
  },
  {
    "tanggal": "Jumat, 21/03/2025",
    "imsak": "05:06",
    "subuh": "05:16",
    "terbit": "06:23",
    "dhuha": "06:54",
    "dzuhur": "12:37",
    "ashar": "15:41",
    "maghrib": "18:44",
    "isya": "19:48"
  },
  {
    "tanggal": "Sabtu, 22/03/2025",
    "imsak": "05:06",
    "subuh": "05:16",
    "terbit": "06:23",
    "dhuha": "06:53",
    "dzuhur": "12:37",
    "ashar": "15:40",
    "maghrib": "18:44",
    "isya": "19:48"
  },
  {
    "tanggal": "Minggu, 23/03/2025",
    "imsak": "05:05",
    "subuh": "05:15",
    "terbit": "06:22",
    "dhuha": "06:53",
    "dzuhur": "12:36",
    "ashar": "15:39",
    "maghrib": "18:43",
    "isya": "19:47"
  },
  {
    "tanggal": "Senin, 24/03/2025",
    "imsak": "05:04",
    "subuh": "05:14",
    "terbit": "06:22",
    "dhuha": "06:53",
    "dzuhur": "12:36",
    "ashar": "15:38",
    "maghrib": "18:43",
    "isya": "19:47"
  },
  {
    "tanggal": "Selasa, 25/03/2025",
    "imsak": "05:04",
    "subuh": "05:14",
    "terbit": "06:21",
    "dhuha": "06:52",
    "dzuhur": "12:35",
    "ashar": "15:37",
    "maghrib": "18:43",
    "isya": "19:47"
  },
  {
    "tanggal": "Rabu, 26/03/2025",
    "imsak": "05:04",
    "subuh": "05:14",
    "terbit": "06:21",
    "dhuha": "06:52",
    "dzuhur": "12:35",
    "ashar": "15:36",
    "maghrib": "18:43",
    "isya": "19:47"
  },
  {
    "tanggal": "Kamis, 27/03/2025",
    "imsak": "05:03",
    "subuh": "05:13",
    "terbit": "06:20",
    "dhuha": "06:51",
    "dzuhur": "12:35",
    "ashar": "15:35",
    "maghrib": "18:42",
    "isya": "19:47"
  },
  {
    "tanggal": "Jumat, 28/03/2025",
    "imsak": "05:03",
    "subuh": "05:13",
    "terbit": "06:20",
    "dhuha": "06:51",
    "dzuhur": "12:35",
    "ashar": "15:34",
    "maghrib": "18:42",
    "isya": "19:46"
  },
  {
    "tanggal": "Sabtu, 29/03/2025",
    "imsak": "05:02",
    "subuh": "05:12",
    "terbit": "06:20",
    "dhuha": "06:51",
    "dzuhur": "12:34",
    "ashar": "15:34",
    "maghrib": "18:42",
    "isya": "19:46"
  },
  {
    "tanggal": "Minggu, 30/03/2025",
    "imsak": "05:02",
    "subuh": "05:12",
    "terbit": "06:19",
    "dhuha": "06:50",
    "dzuhur": "12:34",
    "ashar": "15:35",
    "maghrib": "18:42",
    "isya": "19:46"
  },
  {
    "tanggal": "Senin, 31/03/2025",
    "imsak": "05:01",
    "subuh": "05:11",
    "terbit": "06:19",
    "dhuha": "06:50",
    "dzuhur": "12:34",
    "ashar": "15:35",
    "maghrib": "18:42",
    "isya": "19:46"
  }
]