[
  {
    "tanggal": "Sabtu, 01/03/2025",
    "imsak": "04:34",
    "subuh": "04:44",
    "terbit": "05:56",
    "dhuha": "06:23",
    "dzuhur": "12:08",
    "ashar": "15:15",
    "maghrib": "18:13",
    "isya": "19:22"
  },
  {
    "tanggal": "Minggu, 02/03/2025",
    "imsak": "04:34",
    "subuh": "04:44",
    "terbit": "05:56",
    "dhuha": "06:23",
    "dzuhur": "12:08",
    "ashar": "15:14",
    "maghrib": "18:13",
    "isya": "19:22"
  },
  {
    "tanggal": "Senin, 03/03/2025",
    "imsak": "04:34",
    "subuh": "04:44",
    "terbit": "05:56",
    "dhuha": "06:23",
    "dzuhur": "12:08",
    "ashar": "15:13",
    "maghrib": "18:13",
    "isya": "19:21"
  },
  {
    "tanggal": "Selasa, 04/03/2025",
    "imsak": "04:34",
    "subuh": "04:44",
    "terbit": "05:56",
    "dhuha": "06:23",
    "dzuhur": "12:08",
    "ashar": "15:12",
    "maghrib": "18:12",
    "isya": "19:21"
  },
  {
    "tanggal": "Rabu, 05/03/2025",
    "imsak": "04:34",
    "subuh": "04:44",
    "terbit": "05:56",
    "dhuha": "06:23",
    "dzuhur": "12:07",
    "ashar": "15:11",
    "maghrib": "18:12",
    "isya": "19:21"
  },
  {
    "tanggal": "Kamis, 06/03/2025",
    "imsak": "04:34",
    "subuh": "04:44",
    "terbit": "05:55",
    "dhuha": "06:23",
    "dzuhur": "12:07",
    "ashar": "15:10",
    "maghrib": "18:12",
    "isya": "19:20"
  },
  {
    "tanggal": "Jumat, 07/03/2025",
    "imsak": "04:34",
    "subuh": "04:44",
    "terbit": "05:55",
    "dhuha": "06:22",
    "dzuhur": "12:07",
    "ashar": "15:09",
    "maghrib": "18:11",
    "isya": "19:20"
  },
  {
    "tanggal": "Sabtu, 08/03/2025",
    "imsak": "04:34",
    "subuh": "04:44",
    "terbit": "05:55",
    "dhuha": "06:22",
    "dzuhur": "12:07",
    "ashar": "15:08",
    "maghrib": "18:11",
    "isya": "19:19"
  },
  {
    "tanggal": "Minggu, 09/03/2025",
    "imsak": "04:34",
    "subuh": "04:44",
    "terbit": "05:55",
    "dhuha": "06:22",
    "dzuhur": "12:06",
    "ashar": "15:07",
    "maghrib": "18:11",
    "isya": "19:19"
  },
  {
    "tanggal": "Senin, 10/03/2025",
    "imsak": "04:33",
    "subuh": "04:43",
    "terbit": "05:55",
    "dhuha": "06:22",
    "dzuhur": "12:06",
    "ashar": "15:06",
    "maghrib": "18:10",
    "isya": "19:19"
  },
  {
    "tanggal": "Selasa, 11/03/2025",
    "imsak": "04:33",
    "subuh": "04:43",
    "terbit": "05:55",
    "dhuha": "06:22",
    "dzuhur": "12:06",
    "ashar": "15:06",
    "maghrib": "18:10",
    "isya": "19:18"
  },
  {
    "tanggal": "Rabu, 12/03/2025",
    "imsak": "04:33",
    "subuh": "04:43",
    "terbit": "05:55",
    "dhuha": "06:22",
    "dzuhur": "12:06",
    "ashar": "15:06",
    "maghrib": "18:09",
    "isya": "19:18"
  },
  {
    "tanggal": "Kamis, 13/03/2025",
    "imsak": "04:33",
    "subuh": "04:43",
    "terbit": "05:54",
    "dhuha": "06:22",
    "dzuhur": "12:05",
    "ashar": "15:07",
    "maghrib": "18:09",
    "isya": "19:17"
  },
  {
    "tanggal": "Jumat, 14/03/2025",
    "imsak": "04:33",
    "subuh": "04:43",
    "terbit": "05:54",
    "dhuha": "06:21",
    "dzuhur": "12:05",
    "ashar": "15:07",
    "maghrib": "18:09",
    "isya": "19:17"
  },
  {
    "tanggal": "Sabtu, 15/03/2025",
    "imsak": "04:33",
    "subuh": "04:43",
    "terbit": "05:54",
    "dhuha": "06:21",
    "dzuhur": "12:05",
    "ashar": "15:08",
    "maghrib": "18:08",
    "isya": "19:16"
  },
  {
    "tanggal": "Minggu, 16/03/2025",
    "imsak": "04:33",
    "subuh": "04:43",
    "terbit": "05:54",
    "dhuha": "06:21",
    "dzuhur": "12:04",
    "ashar": "15:08",
    "maghrib": "18:08",
    "isya": "19:16"
  },
  {
    "tanggal": "Senin, 17/03/2025",
    "imsak": "04:33",
    "subuh": "04:43",
    "terbit": "05:54",
    "dhuha": "06:21",
    "dzuhur": "12:04",
    "ashar": "15:08",
    "maghrib": "18:07",
    "isya": "19:16"
  },
  {
    "tanggal": "Selasa, 18/03/2025",
    "imsak": "04:32",
    "subuh": "04:42",
    "terbit": "05:54",
    "dhuha": "06:21",
    "dzuhur": "12:04",
    "ashar": "15:09",
    "maghrib": "18:07",
    "isya": "19:15"
  },
  {
    "tanggal": "Rabu, 19/03/2025",
    "imsak": "04:32",
    "subuh": "04:42",
    "terbit": "05:53",
    "dhuha": "06:21",
    "dzuhur": "12:04",
    "ashar": "15:09",
    "maghrib": "18:07",
    "isya": "19:15"
  },
  {
    "tanggal": "Kamis, 20/03/2025",
    "imsak": "04:32",
    "subuh": "04:42",
    "terbit": "05:53",
    "dhuha": "06:20",
    "dzuhur": "12:03",
    "ashar": "15:09",
    "maghrib": "18:06",
    "isya": "19:14"
  },
  {
    "tanggal": "Jumat, 21/03/2025",
    "imsak": "04:32",
    "subuh": "04:42",
    "terbit": "05:53",
    "dhuha": "06:20",
    "dzuhur": "12:03",
    "ashar": "15:10",
    "maghrib": "18:06",
    "isya": "19:14"
  },
  {
    "tanggal": "Sabtu, 22/03/2025",
    "imsak": "04:32",
    "subuh": "04:42",
    "terbit": "05:53",
    "dhuha": "06:20",
    "dzuhur": "12:03",
    "ashar": "15:10",
    "maghrib": "18:06",
    "isya": "19:14"
  },
  {
    "tanggal": "Minggu, 23/03/2025",
    "imsak": "04:32",
    "subuh": "04:42",
    "terbit": "05:53",
    "dhuha": "06:20",
    "dzuhur": "12:02",
    "ashar": "15:10",
    "maghrib": "18:05",
    "isya": "19:13"
  },
  {
    "tanggal": "Senin, 24/03/2025",
    "imsak": "04:31",
    "subuh": "04:41",
    "terbit": "05:53",
    "dhuha": "06:20",
    "dzuhur": "12:02",
    "ashar": "15:10",
    "maghrib": "18:05",
    "isya": "19:13"
  },
  {
    "tanggal": "Selasa, 25/03/2025",
    "imsak": "04:31",
    "subuh": "04:41",
    "terbit": "05:52",
    "dhuha": "06:19",
    "dzuhur": "12:02",
    "ashar": "15:11",
    "maghrib": "18:04",
    "isya": "19:12"
  },
  {
    "tanggal": "Rabu, 26/03/2025",
    "imsak": "04:31",
    "subuh": "04:41",
    "terbit": "05:52",
    "dhuha": "06:19",
    "dzuhur": "12:01",
    "ashar": "15:11",
    "maghrib": "18:04",
    "isya": "19:12"
  },
  {
    "tanggal": "Kamis, 27/03/2025",
    "imsak": "04:31",
    "subuh": "04:41",
    "terbit": "05:52",
    "dhuha": "06:19",
    "dzuhur": "12:01",
    "ashar": "15:11",
    "maghrib": "18:03",
    "isya": "19:12"
  },
  {
    "tanggal": "Jumat, 28/03/2025",
    "imsak": "04:31",
    "subuh": "04:41",
    "terbit": "05:52",
    "dhuha": "06:19",
    "dzuhur": "12:01",
    "ashar": "15:11",
    "maghrib": "18:03",
    "isya": "19:11"
  },
  {
    "tanggal": "Sabtu, 29/03/2025",
    "imsak": "04:30",
    "subuh": "04:40",
    "terbit": "05:52",
    "dhuha": "06:19",
    "dzuhur": "12:01",
    "ashar": "15:11",
    "maghrib": "18:03",
    "isya": "19:11"
  },
  {
    "tanggal": "Minggu, 30/03/2025",
    "imsak": "04:30",
    "subuh": "04:40",
    "terbit": "05:51",
    "dhuha": "06:18",
    "dzuhur": "12:00",
    "ashar": "15:11",
    "maghrib": "18:02",
    "isya": "19:10"
  },
  {
    "tanggal": "Senin, 31/03/2025",
    "imsak": "04:30",
    "subuh": "04:40",
    "terbit": "05:51",
    "dhuha": "06:18",
    "dzuhur": "12:00",
    "ashar": "15:12",
    "maghrib": "18:02",
    "isya": "19:10"
  }
]