[
  {
    "tanggal": "Sabtu, 01/03/2025",
    "imsak": "04:27",
    "subuh": "04:37",
    "terbit": "05:49",
    "dhuha": "06:20",
    "dzuhur": "12:05",
    "ashar": "15:12",
    "maghrib": "18:14",
    "isya": "19:23"
  },
  {
    "tanggal": "Minggu, 02/03/2025",
    "imsak": "04:27",
    "subuh": "04:37",
    "terbit": "05:49",
    "dhuha": "06:20",
    "dzuhur": "12:05",
    "ashar": "15:11",
    "maghrib": "18:14",
    "isya": "19:23"
  },
  {
    "tanggal": "Senin, 03/03/2025",
    "imsak": "04:27",
    "subuh": "04:37",
    "terbit": "05:49",
    "dhuha": "06:20",
    "dzuhur": "12:05",
    "ashar": "15:10",
    "maghrib": "18:14",
    "isya": "19:23"
  },
  {
    "tanggal": "Selasa, 04/03/2025",
    "imsak": "04:27",
    "subuh": "04:37",
    "terbit": "05:49",
    "dhuha": "06:20",
    "dzuhur": "12:05",
    "ashar": "15:09",
    "maghrib": "18:13",
    "isya": "19:22"
  },
  {
    "tanggal": "Rabu, 05/03/2025",
    "imsak": "04:27",
    "subuh": "04:37",
    "terbit": "05:49",
    "dhuha": "06:20",
    "dzuhur": "12:04",
    "ashar": "15:08",
    "maghrib": "18:13",
    "isya": "19:22"
  },
  {
    "tanggal": "Kamis, 06/03/2025",
    "imsak": "04:27",
    "subuh": "04:37",
    "terbit": "05:49",
    "dhuha": "06:20",
    "dzuhur": "12:04",
    "ashar": "15:07",
    "maghrib": "18:13",
    "isya": "19:21"
  },
  {
    "tanggal": "Jumat, 07/03/2025",
    "imsak": "04:27",
    "subuh": "04:37",
    "terbit": "05:49",
    "dhuha": "06:20",
    "dzuhur": "12:04",
    "ashar": "15:06",
    "maghrib": "18:12",
    "isya": "19:21"
  },
  {
    "tanggal": "Sabtu, 08/03/2025",
    "imsak": "04:27",
    "subuh": "04:37",
    "terbit": "05:48",
    "dhuha": "06:20",
    "dzuhur": "12:04",
    "ashar": "15:05",
    "maghrib": "18:12",
    "isya": "19:21"
  },
  {
    "tanggal": "Minggu, 09/03/2025",
    "imsak": "04:27",
    "subuh": "04:37",
    "terbit": "05:48",
    "dhuha": "06:19",
    "dzuhur": "12:04",
    "ashar": "15:04",
    "maghrib": "18:12",
    "isya": "19:20"
  },
  {
    "tanggal": "Senin, 10/03/2025",
    "imsak": "04:27",
    "subuh": "04:37",
    "terbit": "05:48",
    "dhuha": "06:19",
    "dzuhur": "12:03",
    "ashar": "15:03",
    "maghrib": "18:11",
    "isya": "19:20"
  },
  {
    "tanggal": "Selasa, 11/03/2025",
    "imsak": "04:27",
    "subuh": "04:37",
    "terbit": "05:48",
    "dhuha": "06:19",
    "dzuhur": "12:03",
    "ashar": "15:03",
    "maghrib": "18:11",
    "isya": "19:19"
  },
  {
    "tanggal": "Rabu, 12/03/2025",
    "imsak": "04:26",
    "subuh": "04:36",
    "terbit": "05:48",
    "dhuha": "06:19",
    "dzuhur": "12:03",
    "ashar": "15:03",
    "maghrib": "18:11",
    "isya": "19:19"
  },
  {
    "tanggal": "Kamis, 13/03/2025",
    "imsak": "04:26",
    "subuh": "04:36",
    "terbit": "05:48",
    "dhuha": "06:19",
    "dzuhur": "12:02",
    "ashar": "15:04",
    "maghrib": "18:10",
    "isya": "19:18"
  },
  {
    "tanggal": "Jumat, 14/03/2025",
    "imsak": "04:26",
    "subuh": "04:36",
    "terbit": "05:48",
    "dhuha": "06:19",
    "dzuhur": "12:02",
    "ashar": "15:04",
    "maghrib": "18:10",
    "isya": "19:18"
  },
  {
    "tanggal": "Sabtu, 15/03/2025",
    "imsak": "04:26",
    "subuh": "04:36",
    "terbit": "05:47",
    "dhuha": "06:18",
    "dzuhur": "12:02",
    "ashar": "15:05",
    "maghrib": "18:09",
    "isya": "19:18"
  },
  {
    "tanggal": "Minggu, 16/03/2025",
    "imsak": "04:26",
    "subuh": "04:36",
    "terbit": "05:47",
    "dhuha": "06:18",
    "dzuhur": "12:02",
    "ashar": "15:05",
    "maghrib": "18:09",
    "isya": "19:17"
  },
  {
    "tanggal": "Senin, 17/03/2025",
    "imsak": "04:26",
    "subuh": "04:36",
    "terbit": "05:47",
    "dhuha": "06:18",
    "dzuhur": "12:01",
    "ashar": "15:05",
    "maghrib": "18:09",
    "isya": "19:17"
  },
  {
    "tanggal": "Selasa, 18/03/2025",
    "imsak": "04:26",
    "subuh": "04:36",
    "terbit": "05:47",
    "dhuha": "06:18",
    "dzuhur": "12:01",
    "ashar": "15:06",
    "maghrib": "18:08",
    "isya": "19:16"
  },
  {
    "tanggal": "Rabu, 19/03/2025",
    "imsak": "04:25",
    "subuh": "04:35",
    "terbit": "05:47",
    "dhuha": "06:18",
    "dzuhur": "12:01",
    "ashar": "15:06",
    "maghrib": "18:08",
    "isya": "19:16"
  },
  {
    "tanggal": "Kamis, 20/03/2025",
    "imsak": "04:25",
    "subuh": "04:35",
    "terbit": "05:46",
    "dhuha": "06:17",
    "dzuhur": "12:00",
    "ashar": "15:06",
    "maghrib": "18:07",
    "isya": "19:16"
  },
  {
    "tanggal": "Jumat, 21/03/2025",
    "imsak": "04:25",
    "subuh": "04:35",
    "terbit": "05:46",
    "dhuha": "06:17",
    "dzuhur": "12:00",
    "ashar": "15:07",
    "maghrib": "18:07",
    "isya": "19:16"
  },
  {
    "tanggal": "Sabtu, 22/03/2025",
    "imsak": "04:25",
    "subuh": "04:35",
    "terbit": "05:46",
    "dhuha": "06:17",
    "dzuhur": "12:00",
    "ashar": "15:07",
    "maghrib": "18:07",
    "isya": "19:15"
  },
  {
    "tanggal": "Minggu, 23/03/2025",
    "imsak": "04:25",
    "subuh": "04:35",
    "terbit": "05:46",
    "dhuha": "06:17",
    "dzuhur": "12:00",
    "ashar": "15:07",
    "maghrib": "18:06",
    "isya": "19:14"
  },
  {
    "tanggal": "Senin, 24/03/2025",
    "imsak": "04:25",
    "subuh": "04:35",
    "terbit": "05:46",
    "dhuha": "06:17",
    "dzuhur": "11:59",
    "ashar": "15:07",
    "maghrib": "18:06",
    "isya": "19:14"
  },
  {
    "tanggal": "Selasa, 25/03/2025",
    "imsak": "04:24",
    "subuh": "04:34",
    "terbit": "05:46",
    "dhuha": "06:17",
    "dzuhur": "11:59",
    "ashar": "15:08",
    "maghrib": "18:05",
    "isya": "19:14"
  },
  {
    "tanggal": "Rabu, 26/03/2025",
    "imsak": "04:24",
    "subuh": "04:34",
    "terbit": "05:45",
    "dhuha": "06:16",
    "dzuhur": "11:59",
    "ashar": "15:08",
    "maghrib": "18:05",
    "isya": "19:13"
  },
  {
    "tanggal": "Kamis, 27/03/2025",
    "imsak": "04:24",
    "subuh": "04:34",
    "terbit": "05:45",
    "dhuha": "06:16",
    "dzuhur": "11:58",
    "ashar": "15:08",
    "maghrib": "18:05",
    "isya": "19:13"
  },
  {
    "tanggal": "Jumat, 28/03/2025",
    "imsak": "04:24",
    "subuh": "04:34",
    "terbit": "05:45",
    "dhuha": "06:16",
    "dzuhur": "11:58",
    "ashar": "15:08",
    "maghrib": "18:04",
    "isya": "19:12"
  },
  {
    "tanggal": "Sabtu, 29/03/2025",
    "imsak": "04:23",
    "subuh": "04:33",
    "terbit": "05:45",
    "dhuha": "06:16",
    "dzuhur": "11:58",
    "ashar": "15:08",
    "maghrib": "18:04",
    "isya": "19:12"
  },
  {
    "tanggal": "Minggu, 30/03/2025",
    "imsak": "04:23",
    "subuh": "04:33",
    "terbit": "05:45",
    "dhuha": "06:16",
    "dzuhur": "11:57",
    "ashar": "15:09",
    "maghrib": "18:03",
    "isya": "19:12"
  },
  {
    "tanggal": "Senin, 31/03/2025",
    "imsak": "04:23",
    "subuh": "04:33",
    "terbit": "05:44",
    "dhuha": "06:15",
    "dzuhur": "11:57",
    "ashar": "15:09",
    "maghrib": "18:03",
    "isya": "19:11"
  }
]