[
  {
    "tanggal": "Sabtu, 01/03/2025",
    "imsak": "04:06",
    "subuh": "04:16",
    "terbit": "05:29",
    "dhuha": "05:56",
    "dzuhur": "11:43",
    "ashar": "14:44",
    "maghrib": "17:50",
    "isya": "18:59"
  },
  {
    "tanggal": "Minggu, 02/03/2025",
    "imsak": "04:06",
    "subuh": "04:16",
    "terbit": "05:29",
    "dhuha": "05:56",
    "dzuhur": "11:43",
    "ashar": "14:44",
    "maghrib": "17:50",
    "isya": "18:59"
  },
  {
    "tanggal": "Senin, 03/03/2025",
    "imsak": "04:06",
    "subuh": "04:16",
    "terbit": "05:29",
    "dhuha": "05:56",
    "dzuhur": "11:43",
    "ashar": "14:45",
    "maghrib": "17:49",
    "isya": "18:58"
  },
  {
    "tanggal": "Selasa, 04/03/2025",
    "imsak": "04:06",
    "subuh": "04:16",
    "terbit": "05:29",
    "dhuha": "05:56",
    "dzuhur": "11:42",
    "ashar": "14:45",
    "maghrib": "17:49",
    "isya": "18:58"
  },
  {
    "tanggal": "Rabu, 05/03/2025",
    "imsak": "04:06",
    "subuh": "04:16",
    "terbit": "05:29",
    "dhuha": "05:56",
    "dzuhur": "11:42",
    "ashar": "14:46",
    "maghrib": "17:48",
    "isya": "18:57"
  },
  {
    "tanggal": "Kamis, 06/03/2025",
    "imsak": "04:06",
    "subuh": "04:16",
    "terbit": "05:29",
    "dhuha": "05:56",
    "dzuhur": "11:42",
    "ashar": "14:46",
    "maghrib": "17:48",
    "isya": "18:57"
  },
  {
    "tanggal": "Jumat, 07/03/2025",
    "imsak": "04:06",
    "subuh": "04:16",
    "terbit": "05:29",
    "dhuha": "05:56",
    "dzuhur": "11:42",
    "ashar": "14:46",
    "maghrib": "17:47",
    "isya": "18:56"
  },
  {
    "tanggal": "Sabtu, 08/03/2025",
    "imsak": "04:07",
    "subuh": "04:17",
    "terbit": "05:29",
    "dhuha": "05:56",
    "dzuhur": "11:41",
    "ashar": "14:47",
    "maghrib": "17:47",
    "isya": "18:56"
  },
  {
    "tanggal": "Minggu, 09/03/2025",
    "imsak": "04:07",
    "subuh": "04:17",
    "terbit": "05:29",
    "dhuha": "05:56",
    "dzuhur": "11:41",
    "ashar": "14:47",
    "maghrib": "17:46",
    "isya": "18:55"
  },
  {
    "tanggal": "Senin, 10/03/2025",
    "imsak": "04:07",
    "subuh": "04:17",
    "terbit": "05:29",
    "dhuha": "05:56",
    "dzuhur": "11:41",
    "ashar": "14:47",
    "maghrib": "17:46",
    "isya": "18:55"
  },
  {
    "tanggal": "Selasa, 11/03/2025",
    "imsak": "04:07",
    "subuh": "04:17",
    "terbit": "05:29",
    "dhuha": "05:56",
    "dzuhur": "11:41",
    "ashar": "14:48",
    "maghrib": "17:46",
    "isya": "18:54"
  },
  {
    "tanggal": "Rabu, 12/03/2025",
    "imsak": "04:07",
    "subuh": "04:17",
    "terbit": "05:29",
    "dhuha": "05:56",
    "dzuhur": "11:40",
    "ashar": "14:48",
    "maghrib": "17:45",
    "isya": "18:54"
  },
  {
    "tanggal": "Kamis, 13/03/2025",
    "imsak": "04:07",
    "subuh": "04:17",
    "terbit": "05:29",
    "dhuha": "05:56",
    "dzuhur": "11:40",
    "ashar": "14:48",
    "maghrib": "17:45",
    "isya": "18:53"
  },
  {
    "tanggal": "Jumat, 14/03/2025",
    "imsak": "04:07",
    "subuh": "04:17",
    "terbit": "05:28",
    "dhuha": "05:56",
    "dzuhur": "11:40",
    "ashar": "14:48",
    "maghrib": "17:44",
    "isya": "18:53"
  },
  {
    "tanggal": "Sabtu, 15/03/2025",
    "imsak": "04:07",
    "subuh": "04:17",
    "terbit": "05:28",
    "dhuha": "05:56",
    "dzuhur": "11:40",
    "ashar": "14:49",
    "maghrib": "17:44",
    "isya": "18:52"
  },
  {
    "tanggal": "Minggu, 16/03/2025",
    "imsak": "04:07",
    "subuh": "04:17",
    "terbit": "05:28",
    "dhuha": "05:56",
    "dzuhur": "11:39",
    "ashar": "14:49",
    "maghrib": "17:43",
    "isya": "18:52"
  },
  {
    "tanggal": "Senin, 17/03/2025",
    "imsak": "04:06",
    "subuh": "04:16",
    "terbit": "05:28",
    "dhuha": "05:55",
    "dzuhur": "11:39",
    "ashar": "14:49",
    "maghrib": "17:43",
    "isya": "18:51"
  },
  {
    "tanggal": "Selasa, 18/03/2025",
    "imsak": "04:06",
    "subuh": "04:16",
    "terbit": "05:28",
    "dhuha": "05:55",
    "dzuhur": "11:39",
    "ashar": "14:49",
    "maghrib": "17:42",
    "isya": "18:51"
  },
  {
    "tanggal": "Rabu, 19/03/2025",
    "imsak": "04:06",
    "subuh": "04:16",
    "terbit": "05:28",
    "dhuha": "05:55",
    "dzuhur": "11:38",
    "ashar": "14:49",
    "maghrib": "17:42",
    "isya": "18:50"
  },
  {
    "tanggal": "Kamis, 20/03/2025",
    "imsak": "04:06",
    "subuh": "04:16",
    "terbit": "05:28",
    "dhuha": "05:55",
    "dzuhur": "11:38",
    "ashar": "14:50",
    "maghrib": "17:41",
    "isya": "18:50"
  },
  {
    "tanggal": "Jumat, 21/03/2025",
    "imsak": "04:06",
    "subuh": "04:16",
    "terbit": "05:28",
    "dhuha": "05:55",
    "dzuhur": "11:38",
    "ashar": "14:50",
    "maghrib": "17:41",
    "isya": "18:50"
  },
  {
    "tanggal": "Sabtu, 22/03/2025",
    "imsak": "04:06",
    "subuh": "04:16",
    "terbit": "05:28",
    "dhuha": "05:55",
    "dzuhur": "11:38",
    "ashar": "14:50",
    "maghrib": "17:41",
    "isya": "18:49"
  },
  {
    "tanggal": "Minggu, 23/03/2025",
    "imsak": "04:06",
    "subuh": "04:16",
    "terbit": "05:28",
    "dhuha": "05:55",
    "dzuhur": "11:37",
    "ashar": "14:50",
    "maghrib": "17:39",
    "isya": "18:48"
  },
  {
    "tanggal": "Senin, 24/03/2025",
    "imsak": "04:06",
    "subuh": "04:16",
    "terbit": "05:28",
    "dhuha": "05:55",
    "dzuhur": "11:37",
    "ashar": "14:50",
    "maghrib": "17:39",
    "isya": "18:48"
  },
  {
    "tanggal": "Selasa, 25/03/2025",
    "imsak": "04:06",
    "subuh": "04:16",
    "terbit": "05:28",
    "dhuha": "05:55",
    "dzuhur": "11:37",
    "ashar": "14:50",
    "maghrib": "17:38",
    "isya": "18:47"
  },
  {
    "tanggal": "Rabu, 26/03/2025",
    "imsak": "04:06",
    "subuh": "04:16",
    "terbit": "05:28",
    "dhuha": "05:55",
    "dzuhur": "11:36",
    "ashar": "14:50",
    "maghrib": "17:38",
    "isya": "18:47"
  },
  {
    "tanggal": "Kamis, 27/03/2025",
    "imsak": "04:06",
    "subuh": "04:16",
    "terbit": "05:27",
    "dhuha": "05:55",
    "dzuhur": "11:36",
    "ashar": "14:50",
    "maghrib": "17:37",
    "isya": "18:46"
  },
  {
    "tanggal": "Jumat, 28/03/2025",
    "imsak": "04:06",
    "subuh": "04:16",
    "terbit": "05:27",
    "dhuha": "05:55",
    "dzuhur": "11:36",
    "ashar": "14:50",
    "maghrib": "17:37",
    "isya": "18:46"
  },
  {
    "tanggal": "Sabtu, 29/03/2025",
    "imsak": "04:06",
    "subuh": "04:16",
    "terbit": "05:27",
    "dhuha": "05:54",
    "dzuhur": "11:35",
    "ashar": "14:50",
    "maghrib": "17:36",
    "isya": "18:45"
  },
  {
    "tanggal": "Minggu, 30/03/2025",
    "imsak": "04:05",
    "subuh": "04:15",
    "terbit": "05:27",
    "dhuha": "05:54",
    "dzuhur": "11:35",
    "ashar": "14:50",
    "maghrib": "17:36",
    "isya": "18:45"
  },
  {
    "tanggal": "Senin, 31/03/2025",
    "imsak": "04:05",
    "subuh": "04:15",
    "terbit": "05:27",
    "dhuha": "05:54",
    "dzuhur": "11:35",
    "ashar": "14:50",
    "maghrib": "17:35",
    "isya": "18:44"
  }
]