[
  {
    "tanggal": "Sabtu, 01/03/2025",
    "imsak": "04:11",
    "subuh": "04:21",
    "terbit": "05:34",
    "dhuha": "06:01",
    "dzuhur": "11:48",
    "ashar": "14:49",
    "maghrib": "17:55",
    "isya": "19:04"
  },
  {
    "tanggal": "Minggu, 02/03/2025",
    "imsak": "04:11",
    "subuh": "04:21",
    "terbit": "05:34",
    "dhuha": "06:01",
    "dzuhur": "11:48",
    "ashar": "14:49",
    "maghrib": "17:54",
    "isya": "19:04"
  },
  {
    "tanggal": "Senin, 03/03/2025",
    "imsak": "04:11",
    "subuh": "04:21",
    "terbit": "05:34",
    "dhuha": "06:01",
    "dzuhur": "11:47",
    "ashar": "14:50",
    "maghrib": "17:54",
    "isya": "19:03"
  },
  {
    "tanggal": "Selasa, 04/03/2025",
    "imsak": "04:11",
    "subuh": "04:21",
    "terbit": "05:34",
    "dhuha": "06:01",
    "dzuhur": "11:47",
    "ashar": "14:50",
    "maghrib": "17:54",
    "isya": "19:03"
  },
  {
    "tanggal": "Rabu, 05/03/2025",
    "imsak": "04:11",
    "subuh": "04:21",
    "terbit": "05:34",
    "dhuha": "06:01",
    "dzuhur": "11:47",
    "ashar": "14:51",
    "maghrib": "17:53",
    "isya": "19:02"
  },
  {
    "tanggal": "Kamis, 06/03/2025",
    "imsak": "04:11",
    "subuh": "04:21",
    "terbit": "05:34",
    "dhuha": "06:01",
    "dzuhur": "11:47",
    "ashar": "14:51",
    "maghrib": "17:53",
    "isya": "19:02"
  },
  {
    "tanggal": "Jumat, 07/03/2025",
    "imsak": "04:11",
    "subuh": "04:21",
    "terbit": "05:34",
    "dhuha": "06:01",
    "dzuhur": "11:46",
    "ashar": "14:51",
    "maghrib": "17:52",
    "isya": "19:01"
  },
  {
    "tanggal": "Sabtu, 08/03/2025",
    "imsak": "04:11",
    "subuh": "04:21",
    "terbit": "05:34",
    "dhuha": "06:01",
    "dzuhur": "11:46",
    "ashar": "14:52",
    "maghrib": "17:52",
    "isya": "19:01"
  },
  {
    "tanggal": "Minggu, 09/03/2025",
    "imsak": "04:11",
    "subuh": "04:21",
    "terbit": "05:33",
    "dhuha": "06:01",
    "dzuhur": "11:46",
    "ashar": "14:52",
    "maghrib": "17:51",
    "isya": "19:00"
  },
  {
    "tanggal": "Senin, 10/03/2025",
    "imsak": "04:11",
    "subuh": "04:21",
    "terbit": "05:33",
    "dhuha": "06:01",
    "dzuhur": "11:46",
    "ashar": "14:52",
    "maghrib": "17:51",
    "isya": "19:00"
  },
  {
    "tanggal": "Selasa, 11/03/2025",
    "imsak": "04:11",
    "subuh": "04:21",
    "terbit": "05:33",
    "dhuha": "06:01",
    "dzuhur": "11:45",
    "ashar": "14:53",
    "maghrib": "17:50",
    "isya": "18:59"
  },
  {
    "tanggal": "Rabu, 12/03/2025",
    "imsak": "04:11",
    "subuh": "04:21",
    "terbit": "05:33",
    "dhuha": "06:01",
    "dzuhur": "11:45",
    "ashar": "14:53",
    "maghrib": "17:50",
    "isya": "18:59"
  },
  {
    "tanggal": "Kamis, 13/03/2025",
    "imsak": "04:11",
    "subuh": "04:21",
    "terbit": "05:33",
    "dhuha": "06:01",
    "dzuhur": "11:45",
    "ashar": "14:53",
    "maghrib": "17:49",
    "isya": "18:58"
  },
  {
    "tanggal": "Jumat, 14/03/2025",
    "imsak": "04:11",
    "subuh": "04:21",
    "terbit": "05:33",
    "dhuha": "06:00",
    "dzuhur": "11:45",
    "ashar": "14:53",
    "maghrib": "17:49",
    "isya": "18:58"
  },
  {
    "tanggal": "Sabtu, 15/03/2025",
    "imsak": "04:11",
    "subuh": "04:21",
    "terbit": "05:33",
    "dhuha": "06:00",
    "dzuhur": "11:44",
    "ashar": "14:54",
    "maghrib": "17:48",
    "isya": "18:57"
  },
  {
    "tanggal": "Minggu, 16/03/2025",
    "imsak": "04:11",
    "subuh": "04:21",
    "terbit": "05:33",
    "dhuha": "06:00",
    "dzuhur": "11:44",
    "ashar": "14:54",
    "maghrib": "17:48",
    "isya": "18:57"
  },
  {
    "tanggal": "Senin, 17/03/2025",
    "imsak": "04:11",
    "subuh": "04:21",
    "terbit": "05:33",
    "dhuha": "06:00",
    "dzuhur": "11:44",
    "ashar": "14:54",
    "maghrib": "17:47",
    "isya": "18:56"
  },
  {
    "tanggal": "Selasa, 18/03/2025",
    "imsak": "04:11",
    "subuh": "04:21",
    "terbit": "05:33",
    "dhuha": "06:00",
    "dzuhur": "11:43",
    "ashar": "14:54",
    "maghrib": "17:47",
    "isya": "18:56"
  },
  {
    "tanggal": "Rabu, 19/03/2025",
    "imsak": "04:11",
    "subuh": "04:21",
    "terbit": "05:33",
    "dhuha": "06:00",
    "dzuhur": "11:43",
    "ashar": "14:54",
    "maghrib": "17:46",
    "isya": "18:55"
  },
  {
    "tanggal": "Kamis, 20/03/2025",
    "imsak": "04:11",
    "subuh": "04:21",
    "terbit": "05:33",
    "dhuha": "06:00",
    "dzuhur": "11:43",
    "ashar": "14:54",
    "maghrib": "17:46",
    "isya": "18:54"
  },
  {
    "tanggal": "Jumat, 21/03/2025",
    "imsak": "04:11",
    "subuh": "04:21",
    "terbit": "05:33",
    "dhuha": "06:00",
    "dzuhur": "11:43",
    "ashar": "14:55",
    "maghrib": "17:46",
    "isya": "18:54"
  },
  {
    "tanggal": "Sabtu, 22/03/2025",
    "imsak": "04:11",
    "subuh": "04:21",
    "terbit": "05:33",
    "dhuha": "06:00",
    "dzuhur": "11:43",
    "ashar": "14:55",
    "maghrib": "17:45",
    "isya": "18:54"
  },
  {
    "tanggal": "Minggu, 23/03/2025",
    "imsak": "04:11",
    "subuh": "04:21",
    "terbit": "05:33",
    "dhuha": "06:00",
    "dzuhur": "11:42",
    "ashar": "14:55",
    "maghrib": "17:44",
    "isya": "18:53"
  },
  {
    "tanggal": "Senin, 24/03/2025",
    "imsak": "04:11",
    "subuh": "04:21",
    "terbit": "05:33",
    "dhuha": "06:00",
    "dzuhur": "11:42",
    "ashar": "14:55",
    "maghrib": "17:44",
    "isya": "18:52"
  },
  {
    "tanggal": "Selasa, 25/03/2025",
    "imsak": "04:11",
    "subuh": "04:21",
    "terbit": "05:32",
    "dhuha": "06:00",
    "dzuhur": "11:41",
    "ashar": "14:55",
    "maghrib": "17:43",
    "isya": "18:52"
  },
  {
    "tanggal": "Rabu, 26/03/2025",
    "imsak": "04:11",
    "subuh": "04:21",
    "terbit": "05:32",
    "dhuha": "06:00",
    "dzuhur": "11:41",
    "ashar": "14:55",
    "maghrib": "17:43",
    "isya": "18:51"
  },
  {
    "tanggal": "Kamis, 27/03/2025",
    "imsak": "04:11",
    "subuh": "04:21",
    "terbit": "05:32",
    "dhuha": "05:59",
    "dzuhur": "11:41",
    "ashar": "14:55",
    "maghrib": "17:42",
    "isya": "18:51"
  },
  {
    "tanggal": "Jumat, 28/03/2025",
    "imsak": "04:10",
    "subuh": "04:20",
    "terbit": "05:32",
    "dhuha": "05:59",
    "dzuhur": "11:41",
    "ashar": "14:55",
    "maghrib": "17:42",
    "isya": "18:50"
  },
  {
    "tanggal": "Sabtu, 29/03/2025",
    "imsak": "04:10",
    "subuh": "04:20",
    "terbit": "05:32",
    "dhuha": "05:59",
    "dzuhur": "11:40",
    "ashar": "14:55",
    "maghrib": "17:41",
    "isya": "18:50"
  },
  {
    "tanggal": "Minggu, 30/03/2025",
    "imsak": "04:10",
    "subuh": "04:20",
    "terbit": "05:32",
    "dhuha": "05:59",
    "dzuhur": "11:40",
    "ashar": "14:55",
    "maghrib": "17:41",
    "isya": "18:49"
  },
  {
    "tanggal": "Senin, 31/03/2025",
    "imsak": "04:10",
    "subuh": "04:20",
    "terbit": "05:32",
    "dhuha": "05:59",
    "dzuhur": "11:40",
    "ashar": "14:55",
    "maghrib": "17:40",
    "isya": "18:49"
  }
]