[
  {
    "tanggal": "Selasa, 01/04/2025",
    "imsak": "04:26",
    "subuh": "04:36",
    "terbit": "05:48",
    "dhuha": "06:15",
    "dzuhur": "11:56",
    "ashar": "15:11",
    "maghrib": "17:56",
    "isya": "19:05"
  },
  {
    "tanggal": "Rabu, 02/04/2025",
    "imsak": "04:26",
    "subuh": "04:36",
    "terbit": "05:48",
    "dhuha": "06:15",
    "dzuhur": "11:55",
    "ashar": "15:11",
    "maghrib": "17:56",
    "isya": "19:05"
  },
  {
    "tanggal": "Kamis, 03/04/2025",
    "imsak": "04:26",
    "subuh": "04:36",
    "terbit": "05:48",
    "dhuha": "06:15",
    "dzuhur": "11:55",
    "ashar": "15:11",
    "maghrib": "17:55",
    "isya": "19:04"
  },
  {
    "tanggal": "Jumat, 04/04/2025",
    "imsak": "04:26",
    "subuh": "04:36",
    "terbit": "05:48",
    "dhuha": "06:15",
    "dzuhur": "11:55",
    "ashar": "15:11",
    "maghrib": "17:55",
    "isya": "19:04"
  },
  {
    "tanggal": "Sabtu, 05/04/2025",
    "imsak": "04:26",
    "subuh": "04:36",
    "terbit": "05:47",
    "dhuha": "06:15",
    "dzuhur": "11:55",
    "ashar": "15:11",
    "maghrib": "17:54",
    "isya": "19:03"
  },
  {
    "tanggal": "Minggu, 06/04/2025",
    "imsak": "04:25",
    "subuh": "04:35",
    "terbit": "05:47",
    "dhuha": "06:15",
    "dzuhur": "11:54",
    "ashar": "15:11",
    "maghrib": "17:54",
    "isya": "19:03"
  },
  {
    "tanggal": "Senin, 07/04/2025",
    "imsak": "04:25",
    "subuh": "04:35",
    "terbit": "05:47",
    "dhuha": "06:15",
    "dzuhur": "11:54",
    "ashar": "15:11",
    "maghrib": "17:54",
    "isya": "19:02"
  },
  {
    "tanggal": "Selasa, 08/04/2025",
    "imsak": "04:25",
    "subuh": "04:35",
    "terbit": "05:47",
    "dhuha": "06:14",
    "dzuhur": "11:54",
    "ashar": "15:11",
    "maghrib": "17:53",
    "isya": "19:02"
  },
  {
    "tanggal": "Rabu, 09/04/2025",
    "imsak": "04:25",
    "subuh": "04:35",
    "terbit": "05:47",
    "dhuha": "06:14",
    "dzuhur": "11:53",
    "ashar": "15:11",
    "maghrib": "17:53",
    "isya": "19:02"
  },
  {
    "tanggal": "Kamis, 10/04/2025",
    "imsak": "04:25",
    "subuh": "04:35",
    "terbit": "05:47",
    "dhuha": "06:14",
    "dzuhur": "11:53",
    "ashar": "15:10",
    "maghrib": "17:52",
    "isya": "19:01"
  },
  {
    "tanggal": "Jumat, 11/04/2025",
    "imsak": "04:25",
    "subuh": "04:35",
    "terbit": "05:47",
    "dhuha": "06:14",
    "dzuhur": "11:53",
    "ashar": "15:10",
    "maghrib": "17:52",
    "isya": "19:01"
  },
  {
    "tanggal": "Sabtu, 12/04/2025",
    "imsak": "04:25",
    "subuh": "04:35",
    "terbit": "05:47",
    "dhuha": "06:14",
    "dzuhur": "11:53",
    "ashar": "15:10",
    "maghrib": "17:51",
    "isya": "19:00"
  },
  {
    "tanggal": "Minggu, 13/04/2025",
    "imsak": "04:24",
    "subuh": "04:34",
    "terbit": "05:47",
    "dhuha": "06:14",
    "dzuhur": "11:52",
    "ashar": "15:10",
    "maghrib": "17:51",
    "isya": "19:00"
  },
  {
    "tanggal": "Senin, 14/04/2025",
    "imsak": "04:24",
    "subuh": "04:34",
    "terbit": "05:47",
    "dhuha": "06:14",
    "dzuhur": "11:52",
    "ashar": "15:10",
    "maghrib": "17:50",
    "isya": "19:00"
  },
  {
    "tanggal": "Selasa, 15/04/2025",
    "imsak": "04:24",
    "subuh": "04:34",
    "terbit": "05:47",
    "dhuha": "06:14",
    "dzuhur": "11:52",
    "ashar": "15:10",
    "maghrib": "17:50",
    "isya": "18:59"
  },
  {
    "tanggal": "Rabu, 16/04/2025",
    "imsak": "04:24",
    "subuh": "04:34",
    "terbit": "05:46",
    "dhuha": "06:14",
    "dzuhur": "11:52",
    "ashar": "15:10",
    "maghrib": "17:50",
    "isya": "18:59"
  },
  {
    "tanggal": "Kamis, 17/04/2025",
    "imsak": "04:24",
    "subuh": "04:34",
    "terbit": "05:46",
    "dhuha": "06:14",
    "dzuhur": "11:51",
    "ashar": "15:10",
    "maghrib": "17:49",
    "isya": "18:59"
  },
  {
    "tanggal": "Jumat, 18/04/2025",
    "imsak": "04:24",
    "subuh": "04:34",
    "terbit": "05:46",
    "dhuha": "06:14",
    "dzuhur": "11:51",
    "ashar": "15:10",
    "maghrib": "17:49",
    "isya": "18:58"
  },
  {
    "tanggal": "Sabtu, 19/04/2025",
    "imsak": "04:24",
    "subuh": "04:34",
    "terbit": "05:46",
    "dhuha": "06:14",
    "dzuhur": "11:51",
    "ashar": "15:10",
    "maghrib": "17:48",
    "isya": "18:58"
  },
  {
    "tanggal": "Minggu, 20/04/2025",
    "imsak": "04:23",
    "subuh": "04:33",
    "terbit": "05:46",
    "dhuha": "06:14",
    "dzuhur": "11:51",
    "ashar": "15:10",
    "maghrib": "17:48",
    "isya": "18:58"
  },
  {
    "tanggal": "Senin, 21/04/2025",
    "imsak": "04:23",
    "subuh": "04:33",
    "terbit": "05:46",
    "dhuha": "06:14",
    "dzuhur": "11:51",
    "ashar": "15:10",
    "maghrib": "17:48",
    "isya": "18:57"
  },
  {
    "tanggal": "Selasa, 22/04/2025",
    "imsak": "04:23",
    "subuh": "04:33",
    "terbit": "05:46",
    "dhuha": "06:14",
    "dzuhur": "11:50",
    "ashar": "15:10",
    "maghrib": "17:47",
    "isya": "18:57"
  },
  {
    "tanggal": "Rabu, 23/04/2025",
    "imsak": "04:23",
    "subuh": "04:33",
    "terbit": "05:46",
    "dhuha": "06:14",
    "dzuhur": "11:50",
    "ashar": "15:10",
    "maghrib": "17:47",
    "isya": "18:57"
  },
  {
    "tanggal": "Kamis, 24/04/2025",
    "imsak": "04:23",
    "subuh": "04:33",
    "terbit": "05:46",
    "dhuha": "06:14",
    "dzuhur": "11:50",
    "ashar": "15:10",
    "maghrib": "17:47",
    "isya": "18:57"
  },
  {
    "tanggal": "Jumat, 25/04/2025",
    "imsak": "04:23",
    "subuh": "04:33",
    "terbit": "05:46",
    "dhuha": "06:14",
    "dzuhur": "11:50",
    "ashar": "15:10",
    "maghrib": "17:46",
    "isya": "18:56"
  },
  {
    "tanggal": "Sabtu, 26/04/2025",
    "imsak": "04:23",
    "subuh": "04:33",
    "terbit": "05:46",
    "dhuha": "06:14",
    "dzuhur": "11:50",
    "ashar": "15:09",
    "maghrib": "17:46",
    "isya": "18:56"
  },
  {
    "tanggal": "Minggu, 27/04/2025",
    "imsak": "04:23",
    "subuh": "04:33",
    "terbit": "05:46",
    "dhuha": "06:14",
    "dzuhur": "11:49",
    "ashar": "15:09",
    "maghrib": "17:46",
    "isya": "18:56"
  },
  {
    "tanggal": "Senin, 28/04/2025",
    "imsak": "04:22",
    "subuh": "04:32",
    "terbit": "05:46",
    "dhuha": "06:14",
    "dzuhur": "11:49",
    "ashar": "15:09",
    "maghrib": "17:45",
    "isya": "18:56"
  },
  {
    "tanggal": "Selasa, 29/04/2025",
    "imsak": "04:22",
    "subuh": "04:32",
    "terbit": "05:46",
    "dhuha": "06:14",
    "dzuhur": "11:49",
    "ashar": "15:09",
    "maghrib": "17:45",
    "isya": "18:56"
  },
  {
    "tanggal": "Rabu, 30/04/2025",
    "imsak": "04:22",
    "subuh": "04:32",
    "terbit": "05:46",
    "dhuha": "06:14",
    "dzuhur": "11:49",
    "ashar": "15:09",
    "maghrib": "17:45",
    "isya": "18:55"
  }
]