[
  {
    "tanggal": "Selasa, 01/04/2025",
    "imsak": "04:31",
    "subuh": "04:41",
    "terbit": "05:53",
    "dhuha": "06:20",
    "dzuhur": "12:00",
    "ashar": "15:15",
    "maghrib": "18:01",
    "isya": "19:10"
  },
  {
    "tanggal": "Rabu, 02/04/2025",
    "imsak": "04:31",
    "subuh": "04:41",
    "terbit": "05:52",
    "dhuha": "06:20",
    "dzuhur": "12:00",
    "ashar": "15:15",
    "maghrib": "18:01",
    "isya": "19:09"
  },
  {
    "tanggal": "Kamis, 03/04/2025",
    "imsak": "04:31",
    "subuh": "04:41",
    "terbit": "05:52",
    "dhuha": "06:20",
    "dzuhur": "12:00",
    "ashar": "15:15",
    "maghrib": "18:00",
    "isya": "19:09"
  },
  {
    "tanggal": "Jumat, 04/04/2025",
    "imsak": "04:30",
    "subuh": "04:40",
    "terbit": "05:52",
    "dhuha": "06:19",
    "dzuhur": "12:00",
    "ashar": "15:15",
    "maghrib": "18:00",
    "isya": "19:09"
  },
  {
    "tanggal": "Sabtu, 05/04/2025",
    "imsak": "04:30",
    "subuh": "04:40",
    "terbit": "05:52",
    "dhuha": "06:19",
    "dzuhur": "11:59",
    "ashar": "15:15",
    "maghrib": "18:00",
    "isya": "19:08"
  },
  {
    "tanggal": "Minggu, 06/04/2025",
    "imsak": "04:30",
    "subuh": "04:40",
    "terbit": "05:52",
    "dhuha": "06:19",
    "dzuhur": "11:59",
    "ashar": "15:15",
    "maghrib": "17:59",
    "isya": "19:08"
  },
  {
    "tanggal": "Senin, 07/04/2025",
    "imsak": "04:30",
    "subuh": "04:40",
    "terbit": "05:52",
    "dhuha": "06:19",
    "dzuhur": "11:59",
    "ashar": "15:15",
    "maghrib": "17:59",
    "isya": "19:07"
  },
  {
    "tanggal": "Selasa, 08/04/2025",
    "imsak": "04:30",
    "subuh": "04:40",
    "terbit": "05:52",
    "dhuha": "06:19",
    "dzuhur": "11:58",
    "ashar": "15:15",
    "maghrib": "17:58",
    "isya": "19:07"
  },
  {
    "tanggal": "Rabu, 09/04/2025",
    "imsak": "04:30",
    "subuh": "04:40",
    "terbit": "05:52",
    "dhuha": "06:19",
    "dzuhur": "11:58",
    "ashar": "15:15",
    "maghrib": "17:58",
    "isya": "19:07"
  },
  {
    "tanggal": "Kamis, 10/04/2025",
    "imsak": "04:29",
    "subuh": "04:39",
    "terbit": "05:51",
    "dhuha": "06:19",
    "dzuhur": "11:58",
    "ashar": "15:15",
    "maghrib": "17:57",
    "isya": "19:06"
  },
  {
    "tanggal": "Jumat, 11/04/2025",
    "imsak": "04:29",
    "subuh": "04:39",
    "terbit": "05:51",
    "dhuha": "06:19",
    "dzuhur": "11:58",
    "ashar": "15:15",
    "maghrib": "17:57",
    "isya": "19:06"
  },
  {
    "tanggal": "Sabtu, 12/04/2025",
    "imsak": "04:29",
    "subuh": "04:39",
    "terbit": "05:51",
    "dhuha": "06:19",
    "dzuhur": "11:57",
    "ashar": "15:15",
    "maghrib": "17:56",
    "isya": "19:06"
  },
  {
    "tanggal": "Minggu, 13/04/2025",
    "imsak": "04:29",
    "subuh": "04:39",
    "terbit": "05:51",
    "dhuha": "06:19",
    "dzuhur": "11:57",
    "ashar": "15:15",
    "maghrib": "17:56",
    "isya": "19:05"
  },
  {
    "tanggal": "Senin, 14/04/2025",
    "imsak": "04:29",
    "subuh": "04:39",
    "terbit": "05:51",
    "dhuha": "06:19",
    "dzuhur": "11:57",
    "ashar": "15:15",
    "maghrib": "17:56",
    "isya": "19:05"
  },
  {
    "tanggal": "Selasa, 15/04/2025",
    "imsak": "04:29",
    "subuh": "04:39",
    "terbit": "05:51",
    "dhuha": "06:18",
    "dzuhur": "11:57",
    "ashar": "15:15",
    "maghrib": "17:55",
    "isya": "19:05"
  },
  {
    "tanggal": "Rabu, 16/04/2025",
    "imsak": "04:28",
    "subuh": "04:38",
    "terbit": "05:51",
    "dhuha": "06:18",
    "dzuhur": "11:56",
    "ashar": "15:15",
    "maghrib": "17:55",
    "isya": "19:04"
  },
  {
    "tanggal": "Kamis, 17/04/2025",
    "imsak": "04:28",
    "subuh": "04:38",
    "terbit": "05:51",
    "dhuha": "06:18",
    "dzuhur": "11:56",
    "ashar": "15:15",
    "maghrib": "17:54",
    "isya": "19:04"
  },
  {
    "tanggal": "Jumat, 18/04/2025",
    "imsak": "04:28",
    "subuh": "04:38",
    "terbit": "05:51",
    "dhuha": "06:18",
    "dzuhur": "11:56",
    "ashar": "15:15",
    "maghrib": "17:54",
    "isya": "19:04"
  },
  {
    "tanggal": "Sabtu, 19/04/2025",
    "imsak": "04:28",
    "subuh": "04:38",
    "terbit": "05:51",
    "dhuha": "06:18",
    "dzuhur": "11:56",
    "ashar": "15:15",
    "maghrib": "17:54",
    "isya": "19:03"
  },
  {
    "tanggal": "Minggu, 20/04/2025",
    "imsak": "04:28",
    "subuh": "04:38",
    "terbit": "05:51",
    "dhuha": "06:18",
    "dzuhur": "11:56",
    "ashar": "15:15",
    "maghrib": "17:53",
    "isya": "19:03"
  },
  {
    "tanggal": "Senin, 21/04/2025",
    "imsak": "04:28",
    "subuh": "04:38",
    "terbit": "05:51",
    "dhuha": "06:18",
    "dzuhur": "11:55",
    "ashar": "15:15",
    "maghrib": "17:53",
    "isya": "19:03"
  },
  {
    "tanggal": "Selasa, 22/04/2025",
    "imsak": "04:28",
    "subuh": "04:38",
    "terbit": "05:51",
    "dhuha": "06:18",
    "dzuhur": "11:55",
    "ashar": "15:14",
    "maghrib": "17:53",
    "isya": "19:02"
  },
  {
    "tanggal": "Rabu, 23/04/2025",
    "imsak": "04:27",
    "subuh": "04:37",
    "terbit": "05:50",
    "dhuha": "06:18",
    "dzuhur": "11:55",
    "ashar": "15:14",
    "maghrib": "17:52",
    "isya": "19:02"
  },
  {
    "tanggal": "Kamis, 24/04/2025",
    "imsak": "04:27",
    "subuh": "04:37",
    "terbit": "05:50",
    "dhuha": "06:18",
    "dzuhur": "11:55",
    "ashar": "15:14",
    "maghrib": "17:52",
    "isya": "19:02"
  },
  {
    "tanggal": "Jumat, 25/04/2025",
    "imsak": "04:27",
    "subuh": "04:37",
    "terbit": "05:50",
    "dhuha": "06:18",
    "dzuhur": "11:55",
    "ashar": "15:14",
    "maghrib": "17:52",
    "isya": "19:02"
  },
  {
    "tanggal": "Sabtu, 26/04/2025",
    "imsak": "04:27",
    "subuh": "04:37",
    "terbit": "05:50",
    "dhuha": "06:18",
    "dzuhur": "11:54",
    "ashar": "15:14",
    "maghrib": "17:51",
    "isya": "19:02"
  },
  {
    "tanggal": "Minggu, 27/04/2025",
    "imsak": "04:27",
    "subuh": "04:37",
    "terbit": "05:50",
    "dhuha": "06:18",
    "dzuhur": "11:54",
    "ashar": "15:14",
    "maghrib": "17:51",
    "isya": "19:01"
  },
  {
    "tanggal": "Senin, 28/04/2025",
    "imsak": "04:27",
    "subuh": "04:37",
    "terbit": "05:50",
    "dhuha": "06:18",
    "dzuhur": "11:54",
    "ashar": "15:14",
    "maghrib": "17:51",
    "isya": "19:01"
  },
  {
    "tanggal": "Selasa, 29/04/2025",
    "imsak": "04:27",
    "subuh": "04:37",
    "terbit": "05:50",
    "dhuha": "06:18",
    "dzuhur": "11:54",
    "ashar": "15:14",
    "maghrib": "17:51",
    "isya": "19:01"
  },
  {
    "tanggal": "Rabu, 30/04/2025",
    "imsak": "04:27",
    "subuh": "04:37",
    "terbit": "05:50",
    "dhuha": "06:18",
    "dzuhur": "11:54",
    "ashar": "15:14",
    "maghrib": "17:50",
    "isya": "19:01"
  }
]